position,title,artists_id,danceability,energy,key,loudness,mode,speechiness,acousticness,instrumentalness,liveness,valence,tempo,type,id,uri,track_href,analysis_url,duration_ms,time_signature,country
0,اتنسينا,[4IMgqWorWJUqUlbULGdoBa],0.641,0.389,7,-11.462,1,0.0777,0.903,0.0,0.0816,0.635,163.904,audio_features,0kZtRxxBDbMO4vZApAiNOZ,spotify:track:0kZtRxxBDbMO4vZApAiNOZ,https://api.spotify.com/v1/tracks/0kZtRxxBDbMO4vZApAiNOZ,https://api.spotify.com/v1/audio-analysis/0kZtRxxBDbMO4vZApAiNOZ,151427,4,Egypt
1,KEBDA,"[7yBuSjd5Z3w7acodk51evR, 33Dgas4QUk9jjh2TnolVwj]",0.875,0.67,7,-3.601,1,0.335,0.446,0.0,0.101,0.819,103.933,audio_features,2Cs1t49qL52fPt6ikx15wp,spotify:track:2Cs1t49qL52fPt6ikx15wp,https://api.spotify.com/v1/tracks/2Cs1t49qL52fPt6ikx15wp,https://api.spotify.com/v1/audio-analysis/2Cs1t49qL52fPt6ikx15wp,170769,4,Egypt
2,عشري بيعني انا,[5CSaIf8OAstAYE5oqQeS15],0.827,0.93,6,-0.612,0,0.124,0.276,0.0,0.309,0.859,112.003,audio_features,77KkVJB8SLW6mZvYOxYWV6,spotify:track:77KkVJB8SLW6mZvYOxYWV6,https://api.spotify.com/v1/tracks/77KkVJB8SLW6mZvYOxYWV6,https://api.spotify.com/v1/audio-analysis/77KkVJB8SLW6mZvYOxYWV6,227879,4,Egypt
3,Ana Meen,[6mPZyiInAlfLGBJbX0echu],0.58,0.338,7,-11.905,0,0.0267,0.181,2e-06,0.345,0.522,95.133,audio_features,5LcThJzvvRzOZZb4apH9Px,spotify:track:5LcThJzvvRzOZZb4apH9Px,https://api.spotify.com/v1/tracks/5LcThJzvvRzOZZb4apH9Px,https://api.spotify.com/v1/audio-analysis/5LcThJzvvRzOZZb4apH9Px,189568,4,Egypt
4,Yazmeely,[3mUUUQDWnVlttF1yERxmPQ],0.706,0.467,5,-9.396,0,0.0401,0.575,0.0,0.112,0.224,100.045,audio_features,0rDNeS6IwKi1oMrtkEc5S0,spotify:track:0rDNeS6IwKi1oMrtkEc5S0,https://api.spotify.com/v1/tracks/0rDNeS6IwKi1oMrtkEc5S0,https://api.spotify.com/v1/audio-analysis/0rDNeS6IwKi1oMrtkEc5S0,196806,4,Egypt
5,انتي فاكره نفسك ايه ؟,[4IMgqWorWJUqUlbULGdoBa],0.735,0.512,5,-10.825,0,0.274,0.733,1e-06,0.0978,0.729,104.966,audio_features,2FFtVrD5IEy4pgY1DFz8nV,spotify:track:2FFtVrD5IEy4pgY1DFz8nV,https://api.spotify.com/v1/tracks/2FFtVrD5IEy4pgY1DFz8nV,https://api.spotify.com/v1/audio-analysis/2FFtVrD5IEy4pgY1DFz8nV,138682,4,Egypt
6,عالعموم,[5764EiAfWT26wi1CdLcnwz],0.719,0.556,10,-11.283,0,0.253,0.276,0.0,0.123,0.406,116.996,audio_features,3tfiVsnpCzewE8rPpsRIL6,spotify:track:3tfiVsnpCzewE8rPpsRIL6,https://api.spotify.com/v1/tracks/3tfiVsnpCzewE8rPpsRIL6,https://api.spotify.com/v1/audio-analysis/3tfiVsnpCzewE8rPpsRIL6,164124,4,Egypt
7,حبيبي ليه,[5QKGejJMncXUNUb9pUFbEf],0.61,0.86,5,-7.217,0,0.0362,0.019,0.0311,0.234,0.777,131.854,audio_features,2OSxxCfS81wcds5RbQ0Ztq,spotify:track:2OSxxCfS81wcds5RbQ0Ztq,https://api.spotify.com/v1/tracks/2OSxxCfS81wcds5RbQ0Ztq,https://api.spotify.com/v1/audio-analysis/2OSxxCfS81wcds5RbQ0Ztq,120146,4,Egypt
8,انا من غيرك,[2KJgliIl1dMyeOMyCcnYv7],0.612,0.539,5,-9.14,0,0.0396,0.446,2e-06,0.166,0.284,100.196,audio_features,2nQeY3iJpE57Rnc7r8z2Qx,spotify:track:2nQeY3iJpE57Rnc7r8z2Qx,https://api.spotify.com/v1/tracks/2nQeY3iJpE57Rnc7r8z2Qx,https://api.spotify.com/v1/audio-analysis/2nQeY3iJpE57Rnc7r8z2Qx,211715,4,Egypt
9,ماتيجي اعدي عليكي,[5QKGejJMncXUNUb9pUFbEf],0.773,0.741,6,-7.483,0,0.117,0.622,2.7e-05,0.0653,0.704,112.219,audio_features,5ks7fVLJY4QRlAALIqJfMR,spotify:track:5ks7fVLJY4QRlAALIqJfMR,https://api.spotify.com/v1/tracks/5ks7fVLJY4QRlAALIqJfMR,https://api.spotify.com/v1/audio-analysis/5ks7fVLJY4QRlAALIqJfMR,145455,4,Egypt
10,هيجيلي موجوع,[5rCq30EbJ3DfZPKybGZj8F],0.556,0.675,1,-6.85,0,0.0564,0.487,3.5e-05,0.102,0.742,167.826,audio_features,2Heqj9jtxarmecKxycGSWn,spotify:track:2Heqj9jtxarmecKxycGSWn,https://api.spotify.com/v1/tracks/2Heqj9jtxarmecKxycGSWn,https://api.spotify.com/v1/audio-analysis/2Heqj9jtxarmecKxycGSWn,210714,4,Egypt
11,Etabelna,[2PM82jOCB674w4BL08zFVS],0.631,0.624,11,-7.665,0,0.0469,0.57,0.00203,0.171,0.762,154.175,audio_features,6AvhXZErJVyLcTPGWyriJr,spotify:track:6AvhXZErJVyLcTPGWyriJr,https://api.spotify.com/v1/tracks/6AvhXZErJVyLcTPGWyriJr,https://api.spotify.com/v1/audio-analysis/6AvhXZErJVyLcTPGWyriJr,186234,4,Egypt
12,لعبالي في دماغي,"[4KGzrDuN7l1lrMNuio2fUe, 5QKGejJMncXUNUb9pUFbEf]",0.885,0.959,5,-0.509,0,0.148,0.0416,0.0,0.337,0.892,111.111,audio_features,37FL23FnskUH9np0LiM5bL,spotify:track:37FL23FnskUH9np0LiM5bL,https://api.spotify.com/v1/tracks/37FL23FnskUH9np0LiM5bL,https://api.spotify.com/v1/audio-analysis/37FL23FnskUH9np0LiM5bL,142478,4,Egypt
13,Aal Doghrey,[3gCqbhXmiSto3R8U9YZcZM],0.797,0.823,7,-4.877,1,0.0316,0.177,2e-06,0.036,0.914,122.02,audio_features,0rGCXktltsDt5jmcFwjFm4,spotify:track:0rGCXktltsDt5jmcFwjFm4,https://api.spotify.com/v1/tracks/0rGCXktltsDt5jmcFwjFm4,https://api.spotify.com/v1/audio-analysis/0rGCXktltsDt5jmcFwjFm4,283279,4,Egypt
14,بقيت وحيد,[5QKGejJMncXUNUb9pUFbEf],0.786,0.729,6,-7.507,0,0.0879,0.435,0.00286,0.104,0.736,86.759,audio_features,1bXmR0B5BOfCudp3zQmKmH,spotify:track:1bXmR0B5BOfCudp3zQmKmH,https://api.spotify.com/v1/tracks/1bXmR0B5BOfCudp3zQmKmH,https://api.spotify.com/v1/audio-analysis/1bXmR0B5BOfCudp3zQmKmH,157785,4,Egypt
15,سوري مبردش انا بستوري,"[5CSaIf8OAstAYE5oqQeS15, 25P1GMgHepq6rkzRwg2DcB]",0.799,0.918,0,-0.513,1,0.173,0.413,0.0,0.261,0.947,110.078,audio_features,6XnBt8ME4K8d9oYf7SE5Wa,spotify:track:6XnBt8ME4K8d9oYf7SE5Wa,https://api.spotify.com/v1/tracks/6XnBt8ME4K8d9oYf7SE5Wa,https://api.spotify.com/v1/audio-analysis/6XnBt8ME4K8d9oYf7SE5Wa,253362,4,Egypt
16,Rehla,[3mUUUQDWnVlttF1yERxmPQ],0.783,0.347,1,-14.884,0,0.205,0.608,1.6e-05,0.0698,0.261,104.997,audio_features,78veJTXWwR5FxpZ7dW0Plr,spotify:track:78veJTXWwR5FxpZ7dW0Plr,https://api.spotify.com/v1/tracks/78veJTXWwR5FxpZ7dW0Plr,https://api.spotify.com/v1/audio-analysis/78veJTXWwR5FxpZ7dW0Plr,224006,4,Egypt
17,Tegy Ntrahn,[5rCq30EbJ3DfZPKybGZj8F],0.624,0.622,6,-7.942,0,0.0901,0.519,0.0,0.0764,0.584,90.014,audio_features,2NF0gMDLnJSaqIfj0SvrDi,spotify:track:2NF0gMDLnJSaqIfj0SvrDi,https://api.spotify.com/v1/tracks/2NF0gMDLnJSaqIfj0SvrDi,https://api.spotify.com/v1/audio-analysis/2NF0gMDLnJSaqIfj0SvrDi,240673,4,Egypt
18,LAYALINA,[5QKGejJMncXUNUb9pUFbEf],0.669,0.823,0,-4.95,0,0.0297,0.191,0.000607,0.0952,0.75,144.071,audio_features,1yiJHrunZu2fov7OhC7vM9,spotify:track:1yiJHrunZu2fov7OhC7vM9,https://api.spotify.com/v1/tracks/1yiJHrunZu2fov7OhC7vM9,https://api.spotify.com/v1/audio-analysis/1yiJHrunZu2fov7OhC7vM9,218833,4,Egypt
19,Wahshak,[2PM82jOCB674w4BL08zFVS],0.462,0.534,10,-9.127,0,0.203,0.761,0.0,0.241,0.712,72.983,audio_features,5QVN7a9quXpdKgYKPgmVsf,spotify:track:5QVN7a9quXpdKgYKPgmVsf,https://api.spotify.com/v1/tracks/5QVN7a9quXpdKgYKPgmVsf,https://api.spotify.com/v1/audio-analysis/5QVN7a9quXpdKgYKPgmVsf,228649,4,Egypt
20,البخت,[4BKC2HOGEqtYz2Xbgp9N1q],0.78,0.59,3,-7.77,0,0.132,0.487,1.1e-05,0.115,0.66,104.977,audio_features,5kdlxZ5skOYY3VK8RlfEIZ,spotify:track:5kdlxZ5skOYY3VK8RlfEIZ,https://api.spotify.com/v1/tracks/5kdlxZ5skOYY3VK8RlfEIZ,https://api.spotify.com/v1/audio-analysis/5kdlxZ5skOYY3VK8RlfEIZ,206113,4,Egypt
21,Basrah w Atooh,[2GVksDv9UpY60i4CvytrZK],0.74,0.507,3,-8.764,0,0.118,0.373,0.000201,0.239,0.551,103.993,audio_features,4vIbws1xp082bv0zl8vLaJ,spotify:track:4vIbws1xp082bv0zl8vLaJ,https://api.spotify.com/v1/tracks/4vIbws1xp082bv0zl8vLaJ,https://api.spotify.com/v1/audio-analysis/4vIbws1xp082bv0zl8vLaJ,237832,4,Egypt
22,سيبك من اللي خلع - من فيلم حمص وحلاوة,"[2iToE4LH0W9zs4hVw3A7m6, 2KjiHtx0h8tyJXbg8aYRgu]",0.89,0.917,5,-1.942,1,0.0443,0.12,0.0,0.265,0.771,110.003,audio_features,7ME2ZENU0G5H7IlnPbWvOv,spotify:track:7ME2ZENU0G5H7IlnPbWvOv,https://api.spotify.com/v1/tracks/7ME2ZENU0G5H7IlnPbWvOv,https://api.spotify.com/v1/audio-analysis/7ME2ZENU0G5H7IlnPbWvOv,172364,4,Egypt
23,ظروف معنداني,[5HczG7gdd89oDKY0CUyPof],0.651,0.69,2,-6.675,0,0.0368,0.0417,0.0,0.183,0.492,127.997,audio_features,0TnD2vJ9M91YXbBQqhK8lU,spotify:track:0TnD2vJ9M91YXbBQqhK8lU,https://api.spotify.com/v1/tracks/0TnD2vJ9M91YXbBQqhK8lU,https://api.spotify.com/v1/audio-analysis/0TnD2vJ9M91YXbBQqhK8lU,245819,4,Egypt
24,ليه بنخبي و مش بنقول,[5QKGejJMncXUNUb9pUFbEf],0.747,0.657,10,-8.184,0,0.0471,0.282,0.0131,0.111,0.648,144.209,audio_features,7ADt67nRewsfODDmCuhtQl,spotify:track:7ADt67nRewsfODDmCuhtQl,https://api.spotify.com/v1/tracks/7ADt67nRewsfODDmCuhtQl,https://api.spotify.com/v1/audio-analysis/7ADt67nRewsfODDmCuhtQl,189320,4,Egypt
25,ATTA3,"[2yV4zQzvNPMyHncf60u9sr, 4o6vIkdmHiEXZOesrJj3KO]",0.841,0.573,0,-8.444,1,0.0591,0.095,0.000167,0.437,0.83,111.022,audio_features,0kJa375yREkEv5W3Ldec7z,spotify:track:0kJa375yREkEv5W3Ldec7z,https://api.spotify.com/v1/tracks/0kJa375yREkEv5W3Ldec7z,https://api.spotify.com/v1/audio-analysis/0kJa375yREkEv5W3Ldec7z,146929,4,Egypt
26,يمكن خير,[5LtHZB7vU02HtNoOzNcVhc],0.722,0.688,2,-7.008,0,0.0267,0.244,0.00117,0.138,0.881,104.999,audio_features,4Guq7XrO1FjduwFBsVbr0E,spotify:track:4Guq7XrO1FjduwFBsVbr0E,https://api.spotify.com/v1/tracks/4Guq7XrO1FjduwFBsVbr0E,https://api.spotify.com/v1/audio-analysis/4Guq7XrO1FjduwFBsVbr0E,216357,4,Egypt
27,مرزمن,[5764EiAfWT26wi1CdLcnwz],0.709,0.388,1,-11.479,0,0.0878,0.21,6e-06,0.125,0.632,100.03,audio_features,3cAy5RMw6iT1Nxit3Z3Q9b,spotify:track:3cAy5RMw6iT1Nxit3Z3Q9b,https://api.spotify.com/v1/tracks/3cAy5RMw6iT1Nxit3Z3Q9b,https://api.spotify.com/v1/audio-analysis/3cAy5RMw6iT1Nxit3Z3Q9b,175200,4,Egypt
28,اسطبلات,[5OssgJlERPHTqpgpwUh01O],0.83,0.781,7,-3.778,1,0.0487,0.179,0.0,0.0842,0.762,109.044,audio_features,2KFvDnkJK7AIlRJ9DjNrLj,spotify:track:2KFvDnkJK7AIlRJ9DjNrLj,https://api.spotify.com/v1/tracks/2KFvDnkJK7AIlRJ9DjNrLj,https://api.spotify.com/v1/audio-analysis/2KFvDnkJK7AIlRJ9DjNrLj,182752,4,Egypt
29,Aleb Fel Dafater,[2PM82jOCB674w4BL08zFVS],0.393,0.5,3,-9.22,0,0.14,0.53,0.00217,0.171,0.367,81.882,audio_features,68WRDAU8QecpIyasp2BEby,spotify:track:68WRDAU8QecpIyasp2BEby,https://api.spotify.com/v1/tracks/68WRDAU8QecpIyasp2BEby,https://api.spotify.com/v1/audio-analysis/68WRDAU8QecpIyasp2BEby,306362,5,Egypt
30,و افتكرت,[6bb9VI1PpPTEmdgcgjTppX],0.61,0.653,11,-8.898,0,0.0728,0.498,0.000353,0.0925,0.505,79.909,audio_features,2ZYxLGcohgsKpor8pGMc0o,spotify:track:2ZYxLGcohgsKpor8pGMc0o,https://api.spotify.com/v1/tracks/2ZYxLGcohgsKpor8pGMc0o,https://api.spotify.com/v1/audio-analysis/2ZYxLGcohgsKpor8pGMc0o,253894,4,Egypt
31,Khaleny Fe Hodnak,[5rCq30EbJ3DfZPKybGZj8F],0.516,0.675,1,-4.517,0,0.0287,0.137,0.0,0.178,0.443,129.963,audio_features,6yVGUtmHwDsqqXs1Lak423,spotify:track:6yVGUtmHwDsqqXs1Lak423,https://api.spotify.com/v1/tracks/6yVGUtmHwDsqqXs1Lak423,https://api.spotify.com/v1/audio-analysis/6yVGUtmHwDsqqXs1Lak423,196651,4,Egypt
32,احنا صيع منحرفين,"[15EdXJSvJSrjOGXsIimK0d, 2KjiHtx0h8tyJXbg8aYRgu]",0.792,0.925,4,-1.445,1,0.0518,0.432,0.0,0.616,0.706,110.032,audio_features,1knAwiRcTrsScBYDFPXLlw,spotify:track:1knAwiRcTrsScBYDFPXLlw,https://api.spotify.com/v1/tracks/1knAwiRcTrsScBYDFPXLlw,https://api.spotify.com/v1/audio-analysis/1knAwiRcTrsScBYDFPXLlw,216000,4,Egypt
33,هو انت مين,[0IiR4LJwslf6HBSdk9W3Dg],0.606,0.766,7,-6.038,0,0.179,0.588,0.0,0.372,0.684,76.054,audio_features,1qGEGcxFCJ0LhBCBSeZmqO,spotify:track:1qGEGcxFCJ0LhBCBSeZmqO,https://api.spotify.com/v1/tracks/1qGEGcxFCJ0LhBCBSeZmqO,https://api.spotify.com/v1/audio-analysis/1qGEGcxFCJ0LhBCBSeZmqO,281053,4,Egypt
34,نخبى ليه,[5HczG7gdd89oDKY0CUyPof],0.304,0.303,0,-18.131,0,0.0392,0.675,0.0,0.146,0.396,145.18,audio_features,3I76xQ1eSBTZRQKQToms4h,spotify:track:3I76xQ1eSBTZRQKQToms4h,https://api.spotify.com/v1/tracks/3I76xQ1eSBTZRQKQToms4h,https://api.spotify.com/v1/audio-analysis/3I76xQ1eSBTZRQKQToms4h,207610,4,Egypt
35,مالناش كبير كبيرنا فوق,[25P1GMgHepq6rkzRwg2DcB],0.897,0.896,2,-0.29,1,0.171,0.138,0.0,0.153,0.861,109.969,audio_features,0qX9ZQfcUBFyhOcKGFYEpR,spotify:track:0qX9ZQfcUBFyhOcKGFYEpR,https://api.spotify.com/v1/tracks/0qX9ZQfcUBFyhOcKGFYEpR,https://api.spotify.com/v1/audio-analysis/0qX9ZQfcUBFyhOcKGFYEpR,316421,4,Egypt
36,عم المجال,[2iToE4LH0W9zs4hVw3A7m6],0.75,0.872,6,-4.095,1,0.0594,0.319,0.0,0.0703,0.796,92.013,audio_features,3MzJ2M9PzfCtaGMHAirjIM,spotify:track:3MzJ2M9PzfCtaGMHAirjIM,https://api.spotify.com/v1/tracks/3MzJ2M9PzfCtaGMHAirjIM,https://api.spotify.com/v1/audio-analysis/3MzJ2M9PzfCtaGMHAirjIM,220435,4,Egypt
37,مرجعليش,"[5OaC42gxOxSYgfmmSxe672, 2PM82jOCB674w4BL08zFVS]",0.465,0.46,0,-9.409,0,0.0434,0.879,0.0101,0.27,0.405,141.961,audio_features,76qVLkjVBysfvhiNRBpY5d,spotify:track:76qVLkjVBysfvhiNRBpY5d,https://api.spotify.com/v1/tracks/76qVLkjVBysfvhiNRBpY5d,https://api.spotify.com/v1/audio-analysis/76qVLkjVBysfvhiNRBpY5d,304367,4,Egypt
38,Mesh Nadman,[2PM82jOCB674w4BL08zFVS],0.566,0.332,10,-11.366,1,0.0658,0.769,0.0,0.0806,0.322,88.957,audio_features,3g4p8OgtpxHpEHzEjnRo6J,spotify:track:3g4p8OgtpxHpEHzEjnRo6J,https://api.spotify.com/v1/tracks/3g4p8OgtpxHpEHzEjnRo6J,https://api.spotify.com/v1/audio-analysis/3g4p8OgtpxHpEHzEjnRo6J,175911,4,Egypt
39,WILDFLOWER,[6qqNVTkY8uBg9cP3Jd7DAH],0.467,0.247,6,-12.002,0,0.0431,0.612,0.000271,0.17,0.126,148.101,audio_features,3QaPy1KgI7nu9FJEQUgn6h,spotify:track:3QaPy1KgI7nu9FJEQUgn6h,https://api.spotify.com/v1/tracks/3QaPy1KgI7nu9FJEQUgn6h,https://api.spotify.com/v1/audio-analysis/3QaPy1KgI7nu9FJEQUgn6h,261467,4,Egypt
40,Reyah El Hayah,[2N72bJ8IYB4KZmKmxz5Xkk],0.374,0.517,11,-8.283,0,0.0646,0.79,0.0,0.104,0.686,173.936,audio_features,08yqfVX2AXNzrq6xlaGB3h,spotify:track:08yqfVX2AXNzrq6xlaGB3h,https://api.spotify.com/v1/tracks/08yqfVX2AXNzrq6xlaGB3h,https://api.spotify.com/v1/audio-analysis/08yqfVX2AXNzrq6xlaGB3h,229026,4,Egypt
41,Kan Mawdo3,[5rCq30EbJ3DfZPKybGZj8F],0.478,0.639,2,-5.248,0,0.0454,0.4,0.0,0.106,0.298,139.619,audio_features,3FJ2RFcLUogTbyt9MGVQoC,spotify:track:3FJ2RFcLUogTbyt9MGVQoC,https://api.spotify.com/v1/tracks/3FJ2RFcLUogTbyt9MGVQoC,https://api.spotify.com/v1/audio-analysis/3FJ2RFcLUogTbyt9MGVQoC,282430,4,Egypt
42,من فضل الاخصام خفو التخطير ( انا مش ع الدواق ),[2KjiHtx0h8tyJXbg8aYRgu],0.795,0.921,7,-1.313,1,0.13,0.307,0.0,0.353,0.439,109.946,audio_features,2CA1VER7dNNdgDyH9iL3BE,spotify:track:2CA1VER7dNNdgDyH9iL3BE,https://api.spotify.com/v1/tracks/2CA1VER7dNNdgDyH9iL3BE,https://api.spotify.com/v1/audio-analysis/2CA1VER7dNNdgDyH9iL3BE,179119,4,Egypt
43,Ab3ad Mada,"[56chSp36PsMhpQvUn1kdR3, 57UiSuUcw9m0MV4bC2DukM]",0.694,0.72,9,-8.421,1,0.0386,0.276,2e-06,0.127,0.493,130.022,audio_features,3LIvkJqC0gMlyl3MZrOps1,spotify:track:3LIvkJqC0gMlyl3MZrOps1,https://api.spotify.com/v1/tracks/3LIvkJqC0gMlyl3MZrOps1,https://api.spotify.com/v1/audio-analysis/3LIvkJqC0gMlyl3MZrOps1,185620,4,Egypt
44,لفينا الدنيا,"[3gCqbhXmiSto3R8U9YZcZM, 63OMTYC88PAsd7ffM3ErQv]",0.788,0.691,1,-4.883,0,0.0585,0.0601,0.0,0.334,0.548,105.018,audio_features,4Vm5J277k6HH6CNZEZXAE9,spotify:track:4Vm5J277k6HH6CNZEZXAE9,https://api.spotify.com/v1/tracks/4Vm5J277k6HH6CNZEZXAE9,https://api.spotify.com/v1/audio-analysis/4Vm5J277k6HH6CNZEZXAE9,200047,4,Egypt
45,Mahzouz,[5rCq30EbJ3DfZPKybGZj8F],0.407,0.516,4,-8.299,0,0.0311,0.557,0.0,0.496,0.438,137.864,audio_features,2fNGw4weCNtNiP58znlTve,spotify:track:2fNGw4weCNtNiP58znlTve,https://api.spotify.com/v1/tracks/2fNGw4weCNtNiP58znlTve,https://api.spotify.com/v1/audio-analysis/2fNGw4weCNtNiP58znlTve,227053,4,Egypt
46,El Mabda2,[56chSp36PsMhpQvUn1kdR3],0.797,0.614,9,-6.05,1,0.0616,0.379,0.0,0.122,0.363,111.989,audio_features,6m8vcn1JPflk8xBoFsaPDP,spotify:track:6m8vcn1JPflk8xBoFsaPDP,https://api.spotify.com/v1/tracks/6m8vcn1JPflk8xBoFsaPDP,https://api.spotify.com/v1/audio-analysis/6m8vcn1JPflk8xBoFsaPDP,158586,4,Egypt
47,العودة من بعد الغياب,[4JhWEqWfwTQywn7lKkNWt5],0.874,0.902,7,-0.847,1,0.0341,0.111,2.4e-05,0.0954,0.809,112.025,audio_features,4NRlZae2zcdVHGauLgJpHX,spotify:track:4NRlZae2zcdVHGauLgJpHX,https://api.spotify.com/v1/tracks/4NRlZae2zcdVHGauLgJpHX,https://api.spotify.com/v1/audio-analysis/4NRlZae2zcdVHGauLgJpHX,235714,4,Egypt
48,جيت متأخر,[5miyPYjh5EcpOSqloDJPID],0.711,0.642,6,-7.253,1,0.0487,0.111,0.0,0.0667,0.757,83.958,audio_features,2WuP742LZAVBU21UQXkj5e,spotify:track:2WuP742LZAVBU21UQXkj5e,https://api.spotify.com/v1/tracks/2WuP742LZAVBU21UQXkj5e,https://api.spotify.com/v1/audio-analysis/2WuP742LZAVBU21UQXkj5e,198571,4,Egypt
49,Seket Leh,[5LtHZB7vU02HtNoOzNcVhc],0.495,0.443,6,-11.362,1,0.0306,0.125,0.0,0.323,0.417,148.011,audio_features,50a2GGMcmDCMKTo73OppNW,spotify:track:50a2GGMcmDCMKTo73OppNW,https://api.spotify.com/v1/tracks/50a2GGMcmDCMKTo73OppNW,https://api.spotify.com/v1/audio-analysis/50a2GGMcmDCMKTo73OppNW,281757,4,Egypt
0,DIPLOMATICO,[4BFLElxtBEdsdwGA1kHTsx],0.832,0.573,4,-8.699,0,0.113,0.647,0.0009,0.115,0.456,109.992,audio_features,2CgT7751h4Rply3vAkTYEk,spotify:track:2CgT7751h4Rply3vAkTYEk,https://api.spotify.com/v1/tracks/2CgT7751h4Rply3vAkTYEk,https://api.spotify.com/v1/audio-analysis/2CgT7751h4Rply3vAkTYEk,196697,4,Morocco
1,SRTTT,[7DBIKXxSh2BMPqSN7UB4rS],0.771,0.682,10,-7.916,0,0.137,0.247,0.0,0.0917,0.656,129.852,audio_features,1l21XzNeseGYg5fNhzTJWE,spotify:track:1l21XzNeseGYg5fNhzTJWE,https://api.spotify.com/v1/tracks/1l21XzNeseGYg5fNhzTJWE,https://api.spotify.com/v1/audio-analysis/1l21XzNeseGYg5fNhzTJWE,149453,4,Morocco
2,Fi Derbi (feat. ElGrandeToto),"[5yviYTy79A8vuWF8iR6nPS, 4BFLElxtBEdsdwGA1kHTsx]",0.562,0.465,4,-10.223,0,0.551,0.877,0.0,0.0843,0.489,142.127,audio_features,0wKhdPK4fHXRnOskjvgWqe,spotify:track:0wKhdPK4fHXRnOskjvgWqe,https://api.spotify.com/v1/tracks/0wKhdPK4fHXRnOskjvgWqe,https://api.spotify.com/v1/audio-analysis/0wKhdPK4fHXRnOskjvgWqe,164211,3,Morocco
3,Mahboul Ana,[471CLfthkGwHrnegKOcTbx],0.523,0.709,9,-9.403,1,0.0928,0.191,9e-06,0.109,0.588,143.969,audio_features,0bBDTxFPjtuWAdqLLq55u1,spotify:track:0bBDTxFPjtuWAdqLLq55u1,https://api.spotify.com/v1/tracks/0bBDTxFPjtuWAdqLLq55u1,https://api.spotify.com/v1/audio-analysis/0bBDTxFPjtuWAdqLLq55u1,185000,4,Morocco
4,YinYang (feat. XCEP & Smallx),"[7DBIKXxSh2BMPqSN7UB4rS, 0eLoiWLwWeaHGNkYke5G1k, 4PgPJfNYhFaHAV5C5dFhYS]",0.589,0.69,1,-5.659,1,0.0449,0.0314,0.0,0.111,0.364,84.054,audio_features,1b89rPpatX8ocTRgh78izN,spotify:track:1b89rPpatX8ocTRgh78izN,https://api.spotify.com/v1/tracks/1b89rPpatX8ocTRgh78izN,https://api.spotify.com/v1/audio-analysis/1b89rPpatX8ocTRgh78izN,234853,4,Morocco
5,Coltellino (feat. Baby Gang),"[4BFLElxtBEdsdwGA1kHTsx, 3LvwPiJQJ0da0GurKMToV0]",0.624,0.759,10,-7.053,0,0.222,0.105,0.000103,0.375,0.458,91.9,audio_features,7cDD6fOmjVI5NN1krdQ9U2,spotify:track:7cDD6fOmjVI5NN1krdQ9U2,https://api.spotify.com/v1/tracks/7cDD6fOmjVI5NN1krdQ9U2,https://api.spotify.com/v1/audio-analysis/7cDD6fOmjVI5NN1krdQ9U2,218121,4,Morocco
6,Extendo,[7DBIKXxSh2BMPqSN7UB4rS],0.498,0.55,3,-8.896,0,0.152,0.126,7.5e-05,0.118,0.181,95.106,audio_features,2wJaC2zP48AElKNUCV2tK1,spotify:track:2wJaC2zP48AElKNUCV2tK1,https://api.spotify.com/v1/tracks/2wJaC2zP48AElKNUCV2tK1,https://api.spotify.com/v1/audio-analysis/2wJaC2zP48AElKNUCV2tK1,165653,4,Morocco
7,Lalla w Mali,[7vg7wkmGzMEM7p2ZkMPHJS],0.757,0.507,1,-9.146,0,0.184,0.0202,0.0,0.111,0.205,120.979,audio_features,3Thycu4Wd5AwGFDYYWiioT,spotify:track:3Thycu4Wd5AwGFDYYWiioT,https://api.spotify.com/v1/tracks/3Thycu4Wd5AwGFDYYWiioT,https://api.spotify.com/v1/audio-analysis/3Thycu4Wd5AwGFDYYWiioT,176529,4,Morocco
8,No Complaints,[7DBIKXxSh2BMPqSN7UB4rS],0.612,0.661,5,-7.074,0,0.0582,0.35,0.0,0.139,0.231,126.844,audio_features,0E7vM9JTF6RQ0Mb7cZmP8V,spotify:track:0E7vM9JTF6RQ0Mb7cZmP8V,https://api.spotify.com/v1/tracks/0E7vM9JTF6RQ0Mb7cZmP8V,https://api.spotify.com/v1/audio-analysis/0E7vM9JTF6RQ0Mb7cZmP8V,170427,4,Morocco
9,BLUE LOVE,[4BFLElxtBEdsdwGA1kHTsx],0.703,0.636,11,-8.157,0,0.0621,0.0753,0.0,0.105,0.319,125.919,audio_features,0YZ2ANy2Hhf21koqFpph5F,spotify:track:0YZ2ANy2Hhf21koqFpph5F,https://api.spotify.com/v1/tracks/0YZ2ANy2Hhf21koqFpph5F,https://api.spotify.com/v1/audio-analysis/0YZ2ANy2Hhf21koqFpph5F,187827,4,Morocco
10,Doubt,"[7DBIKXxSh2BMPqSN7UB4rS, 5Et8bRmkENeaA7SPwj1OxL]",0.722,0.633,4,-5.728,0,0.0562,0.0481,0.0,0.243,0.557,136.993,audio_features,63TGFckfbvIcSTADS8VHUq,spotify:track:63TGFckfbvIcSTADS8VHUq,https://api.spotify.com/v1/tracks/63TGFckfbvIcSTADS8VHUq,https://api.spotify.com/v1/audio-analysis/63TGFckfbvIcSTADS8VHUq,199707,4,Morocco
11,Drive (feat. Snor),"[7DBIKXxSh2BMPqSN7UB4rS, 7LC7LQ1f1CzaRLobFcblZN]",0.641,0.69,1,-6.022,1,0.0344,0.143,0.000216,0.11,0.286,121.014,audio_features,4F4aAfFLWh5b6Ofwx48O46,spotify:track:4F4aAfFLWh5b6Ofwx48O46,https://api.spotify.com/v1/tracks/4F4aAfFLWh5b6Ofwx48O46,https://api.spotify.com/v1/audio-analysis/4F4aAfFLWh5b6Ofwx48O46,254453,4,Morocco
12,No Permission (feat. Khali),"[7DBIKXxSh2BMPqSN7UB4rS, 0rqQfmTWtmxzlrNmnruQXS]",0.739,0.762,4,-6.198,0,0.0685,0.174,1e-06,0.592,0.362,120.004,audio_features,05pWfq3KOsY4TUmBnam3j7,spotify:track:05pWfq3KOsY4TUmBnam3j7,https://api.spotify.com/v1/tracks/05pWfq3KOsY4TUmBnam3j7,https://api.spotify.com/v1/audio-analysis/05pWfq3KOsY4TUmBnam3j7,192427,4,Morocco
13,Spliff,[7DBIKXxSh2BMPqSN7UB4rS],0.671,0.715,11,-7.511,0,0.273,0.0301,4e-06,0.425,0.278,135.091,audio_features,2HdScolhznqzKsBMfYvmBk,spotify:track:2HdScolhznqzKsBMfYvmBk,https://api.spotify.com/v1/tracks/2HdScolhznqzKsBMfYvmBk,https://api.spotify.com/v1/audio-analysis/2HdScolhznqzKsBMfYvmBk,131613,4,Morocco
14,Love Me Again,[3JsHnjpbhX4SnySpvpa9DK],0.633,0.607,0,-6.182,0,0.0532,0.183,1e-06,0.167,0.363,74.029,audio_features,2N0SPREDYqILVEFSsWF5N5,spotify:track:2N0SPREDYqILVEFSsWF5N5,https://api.spotify.com/v1/tracks/2N0SPREDYqILVEFSsWF5N5,https://api.spotify.com/v1/audio-analysis/2N0SPREDYqILVEFSsWF5N5,182293,4,Morocco
15,Expensive,[7DBIKXxSh2BMPqSN7UB4rS],0.55,0.469,2,-8.003,0,0.0421,0.103,0.0,0.237,0.272,132.043,audio_features,05ICT99aBBJAehTRnIMQ7q,spotify:track:05ICT99aBBJAehTRnIMQ7q,https://api.spotify.com/v1/tracks/05ICT99aBBJAehTRnIMQ7q,https://api.spotify.com/v1/audio-analysis/05ICT99aBBJAehTRnIMQ7q,161613,4,Morocco
16,Locked Up (feat. Zamdane),"[7DBIKXxSh2BMPqSN7UB4rS, 5CtPAGoxpJ4yLJLx6CSrO8]",0.658,0.763,3,-6.765,0,0.159,0.573,0.0,0.0923,0.494,133.074,audio_features,1tofq4B2lvmSXVJliNzDnK,spotify:track:1tofq4B2lvmSXVJliNzDnK,https://api.spotify.com/v1/tracks/1tofq4B2lvmSXVJliNzDnK,https://api.spotify.com/v1/audio-analysis/1tofq4B2lvmSXVJliNzDnK,246133,4,Morocco
17,Dawini,"[76wDwepIombkHCdm0kas1h, 2XgBaGUId4RuYzvXYEKikZ]",0.584,0.811,3,-6.098,0,0.0294,0.116,4e-06,0.183,0.928,100.006,audio_features,5d54P8T7TXGwE2d0zyN3uu,spotify:track:5d54P8T7TXGwE2d0zyN3uu,https://api.spotify.com/v1/tracks/5d54P8T7TXGwE2d0zyN3uu,https://api.spotify.com/v1/audio-analysis/5d54P8T7TXGwE2d0zyN3uu,161959,4,Morocco
18,3DABI,[2g8Pu5gVtDpkYGsP3RLepJ],0.556,0.394,8,-12.518,0,0.264,0.196,0.0,0.525,0.466,136.955,audio_features,4knNlB73rkLODZU03Xjx7x,spotify:track:4knNlB73rkLODZU03Xjx7x,https://api.spotify.com/v1/tracks/4knNlB73rkLODZU03Xjx7x,https://api.spotify.com/v1/audio-analysis/4knNlB73rkLODZU03Xjx7x,202000,4,Morocco
19,شوفو لامور مادار فيا,[2QtIVRuCdO2a4RWyoF4ayb],0.715,0.915,5,-3.91,0,0.0382,0.706,0.0,0.237,0.902,105.028,audio_features,0yvcSDx1WMdxnUHhqG7PEh,spotify:track:0yvcSDx1WMdxnUHhqG7PEh,https://api.spotify.com/v1/tracks/0yvcSDx1WMdxnUHhqG7PEh,https://api.spotify.com/v1/audio-analysis/0yvcSDx1WMdxnUHhqG7PEh,186037,4,Morocco
20,Obligación,"[5k63RPpkbbyVuufLXS2GTe, 4az97MtWmBQ5Db3GfDh9j9, 4BFLElxtBEdsdwGA1kHTsx]",0.782,0.796,6,-6.036,1,0.229,0.445,5.2e-05,0.1,0.618,128.058,audio_features,2OkDSD6ZTzHGgYF4j10c0m,spotify:track:2OkDSD6ZTzHGgYF4j10c0m,https://api.spotify.com/v1/tracks/2OkDSD6ZTzHGgYF4j10c0m,https://api.spotify.com/v1/audio-analysis/2OkDSD6ZTzHGgYF4j10c0m,270000,4,Morocco
21,All You Need Is You (feat. Khali),"[7DBIKXxSh2BMPqSN7UB4rS, 0rqQfmTWtmxzlrNmnruQXS]",0.697,0.432,7,-8.092,1,0.0427,0.655,0.0,0.0988,0.275,118.105,audio_features,5oN3cmVhKIeaQUX0ygMB1v,spotify:track:5oN3cmVhKIeaQUX0ygMB1v,https://api.spotify.com/v1/tracks/5oN3cmVhKIeaQUX0ygMB1v,https://api.spotify.com/v1/audio-analysis/5oN3cmVhKIeaQUX0ygMB1v,131053,4,Morocco
22,Motto,[7DBIKXxSh2BMPqSN7UB4rS],0.709,0.83,7,-4.724,0,0.0514,0.0669,0.0,0.111,0.299,108.046,audio_features,4evsdR2hO8PGgM0Ln0UukA,spotify:track:4evsdR2hO8PGgM0Ln0UukA,https://api.spotify.com/v1/tracks/4evsdR2hO8PGgM0Ln0UukA,https://api.spotify.com/v1/audio-analysis/4evsdR2hO8PGgM0Ln0UukA,180067,4,Morocco
23,Ego,[7DBIKXxSh2BMPqSN7UB4rS],0.489,0.769,9,-7.79,1,0.569,0.0989,0.0,0.111,0.153,87.167,audio_features,2w1DUdHe3zuu0c2OWzHQpw,spotify:track:2w1DUdHe3zuu0c2OWzHQpw,https://api.spotify.com/v1/tracks/2w1DUdHe3zuu0c2OWzHQpw,https://api.spotify.com/v1/audio-analysis/2w1DUdHe3zuu0c2OWzHQpw,136507,5,Morocco
24,Badadi,[3kd62SrugthLOzen7XmzG6],0.684,0.829,11,-5.976,0,0.0471,0.183,0.00138,0.118,0.42,109.0,audio_features,1dBv07ZgvsNBeQs2lJon6W,spotify:track:1dBv07ZgvsNBeQs2lJon6W,https://api.spotify.com/v1/tracks/1dBv07ZgvsNBeQs2lJon6W,https://api.spotify.com/v1/audio-analysis/1dBv07ZgvsNBeQs2lJon6W,165058,4,Morocco
25,End Of Time,[7DBIKXxSh2BMPqSN7UB4rS],0.544,0.58,4,-5.245,0,0.0284,0.0117,5e-06,0.0876,0.0554,99.002,audio_features,3Dvhpf8dhIJQheE2nEtc50,spotify:track:3Dvhpf8dhIJQheE2nEtc50,https://api.spotify.com/v1/tracks/3Dvhpf8dhIJQheE2nEtc50,https://api.spotify.com/v1/audio-analysis/3Dvhpf8dhIJQheE2nEtc50,211227,4,Morocco
26,Who,[1oSPZhvZMIrWW5I41kPkkY],0.66,0.756,0,-3.743,0,0.032,0.00289,0.0,0.193,0.838,116.034,audio_features,7tI8dRuH2Yc6RuoTjxo4dU,spotify:track:7tI8dRuH2Yc6RuoTjxo4dU,https://api.spotify.com/v1/tracks/7tI8dRuH2Yc6RuoTjxo4dU,https://api.spotify.com/v1/audio-analysis/7tI8dRuH2Yc6RuoTjxo4dU,170888,4,Morocco
27,MAGHRIBI,[4BFLElxtBEdsdwGA1kHTsx],0.626,0.513,0,-10.593,0,0.0941,0.453,0.00124,0.108,0.41,160.028,audio_features,01GVrWU4CZgZyHFMShuQb1,spotify:track:01GVrWU4CZgZyHFMShuQb1,https://api.spotify.com/v1/tracks/01GVrWU4CZgZyHFMShuQb1,https://api.spotify.com/v1/audio-analysis/01GVrWU4CZgZyHFMShuQb1,254800,4,Morocco
28,Lost Chapter,[7DBIKXxSh2BMPqSN7UB4rS],0.561,0.531,7,-6.874,0,0.0636,0.147,8e-06,0.188,0.239,119.529,audio_features,5zIWn80OKzpGDpg8y5SdGJ,spotify:track:5zIWn80OKzpGDpg8y5SdGJ,https://api.spotify.com/v1/tracks/5zIWn80OKzpGDpg8y5SdGJ,https://api.spotify.com/v1/audio-analysis/5zIWn80OKzpGDpg8y5SdGJ,176773,4,Morocco
29,Sous la lune,[3IW7ScrzXmPvZhB27hmfgy],0.939,0.812,2,-6.053,0,0.0751,0.456,0.00028,0.0718,0.891,119.993,audio_features,6hKkzk8UlVUj9ioPCyeH1O,spotify:track:6hKkzk8UlVUj9ioPCyeH1O,https://api.spotify.com/v1/tracks/6hKkzk8UlVUj9ioPCyeH1O,https://api.spotify.com/v1/audio-analysis/6hKkzk8UlVUj9ioPCyeH1O,171000,4,Morocco
30,HWASI,[1H0D7p5aN8tGG8DPLt0Nbv],0.745,0.61,5,-8.972,0,0.122,0.0867,0.0,0.0482,0.798,91.475,audio_features,2HfjQWIHWBmEp2LocJsp11,spotify:track:2HfjQWIHWBmEp2LocJsp11,https://api.spotify.com/v1/tracks/2HfjQWIHWBmEp2LocJsp11,https://api.spotify.com/v1/audio-analysis/2HfjQWIHWBmEp2LocJsp11,223279,3,Morocco
31,LA ZONE MAHKOMA,"[3IRAzpoLeNDGv7kqwNK3bp, 0bmKQDkU4J3gUykZS8tb6v]",0.812,0.856,7,-5.341,0,0.26,0.691,0.00313,0.193,0.516,139.983,audio_features,73fwmnYlCC3fF9CzEXgtFi,spotify:track:73fwmnYlCC3fF9CzEXgtFi,https://api.spotify.com/v1/tracks/73fwmnYlCC3fF9CzEXgtFi,https://api.spotify.com/v1/audio-analysis/73fwmnYlCC3fF9CzEXgtFi,245211,4,Morocco
32,Bla Bla,[25eYSizNX4BK5ZtqAq8pE8],0.742,0.836,7,-9.973,1,0.118,0.131,0.0,0.0946,0.59,139.933,audio_features,1PlZpPgiBtPlB7uCAYa3ov,spotify:track:1PlZpPgiBtPlB7uCAYa3ov,https://api.spotify.com/v1/tracks/1PlZpPgiBtPlB7uCAYa3ov,https://api.spotify.com/v1/audio-analysis/1PlZpPgiBtPlB7uCAYa3ov,181714,4,Morocco
33,Wsalni MSG,"[6g4L5CJkiMINgAzUQsb7fr, 3Fi4gBbVvIHrqEG9TGwRTC]",0.808,0.39,6,-12.653,1,0.196,0.449,0.0,0.158,0.764,135.017,audio_features,5REou7BKcQgFUOe6tTUXBD,spotify:track:5REou7BKcQgFUOe6tTUXBD,https://api.spotify.com/v1/tracks/5REou7BKcQgFUOe6tTUXBD,https://api.spotify.com/v1/audio-analysis/5REou7BKcQgFUOe6tTUXBD,156444,4,Morocco
34,Galbi,[6L7RfKlbIHQPxKbLizN9ts],0.73,0.592,10,-11.479,0,0.0398,0.348,0.000142,0.133,0.672,99.991,audio_features,5AA6ny0PZ4dBw72q1JZcHV,spotify:track:5AA6ny0PZ4dBw72q1JZcHV,https://api.spotify.com/v1/tracks/5AA6ny0PZ4dBw72q1JZcHV,https://api.spotify.com/v1/audio-analysis/5AA6ny0PZ4dBw72q1JZcHV,163933,4,Morocco
35,We9tna,[4vyibjuGePnrB7BzbHkA6u],0.623,0.453,11,-12.226,0,0.291,0.0551,0.000406,0.376,0.243,133.01,audio_features,2rh4EGUcaSSSir82rbfoua,spotify:track:2rh4EGUcaSSSir82rbfoua,https://api.spotify.com/v1/tracks/2rh4EGUcaSSSir82rbfoua,https://api.spotify.com/v1/audio-analysis/2rh4EGUcaSSSir82rbfoua,200910,4,Morocco
36,Carcera (Interlude),[7DBIKXxSh2BMPqSN7UB4rS],0.235,0.212,2,-15.408,1,0.0406,0.477,0.977,0.346,0.0932,129.947,audio_features,1cbM2kDlOZYtUjc5kAQnno,spotify:track:1cbM2kDlOZYtUjc5kAQnno,https://api.spotify.com/v1/tracks/1cbM2kDlOZYtUjc5kAQnno,https://api.spotify.com/v1/audio-analysis/1cbM2kDlOZYtUjc5kAQnno,38880,3,Morocco
37,DELLALI (feat. Hamza),"[4BFLElxtBEdsdwGA1kHTsx, 5gs4Sm2WQUkcGeikMcVHbh]",0.598,0.564,6,-7.633,0,0.152,0.686,0.0,0.157,0.212,95.971,audio_features,2oMCQhVDHhzKEHk5rN6T1E,spotify:track:2oMCQhVDHhzKEHk5rN6T1E,https://api.spotify.com/v1/tracks/2oMCQhVDHhzKEHk5rN6T1E,https://api.spotify.com/v1/audio-analysis/2oMCQhVDHhzKEHk5rN6T1E,182053,4,Morocco
38,Move,"[2loEsOijJ6XiGzWYFXMIRk, 6XjgqvaVLUib6lCerbZrYD, 26WKgv73kRHD0gEDKD1i8j, 2yyaNPcdxZcn4iutCcLMaC, 37lTKHi901VnwngQ7C8noT]",0.727,0.782,8,-8.529,0,0.042,0.0563,0.336,0.225,0.655,119.992,audio_features,1BJJbSX6muJVF2AK7uH1x4,spotify:track:1BJJbSX6muJVF2AK7uH1x4,https://api.spotify.com/v1/tracks/1BJJbSX6muJVF2AK7uH1x4,https://api.spotify.com/v1/audio-analysis/1BJJbSX6muJVF2AK7uH1x4,177599,4,Morocco
39,Qui sait ? (feat. ElGrandeToto),"[1wAtSe79kItIb9nf5EhI2Q, 4BFLElxtBEdsdwGA1kHTsx]",0.534,0.624,1,-6.406,0,0.116,0.712,0.000132,0.112,0.642,87.786,audio_features,3ejjmzEsUfObGdmmQRVmM2,spotify:track:3ejjmzEsUfObGdmmQRVmM2,https://api.spotify.com/v1/tracks/3ejjmzEsUfObGdmmQRVmM2,https://api.spotify.com/v1/audio-analysis/3ejjmzEsUfObGdmmQRVmM2,190787,4,Morocco
40,Lmouje,[3IRAzpoLeNDGv7kqwNK3bp],0.522,0.865,3,-7.245,0,0.153,0.518,0.000272,0.169,0.685,109.494,audio_features,2HQOumI8CH5kHB3V2ZHwnU,spotify:track:2HQOumI8CH5kHB3V2ZHwnU,https://api.spotify.com/v1/tracks/2HQOumI8CH5kHB3V2ZHwnU,https://api.spotify.com/v1/audio-analysis/2HQOumI8CH5kHB3V2ZHwnU,202192,3,Morocco
41,POPO,[5Do9u0GoN4gFn6Nk8NGDhh],0.671,0.718,2,-6.335,1,0.118,0.538,0.0,0.196,0.792,133.975,audio_features,7B0k8YTfKzj9BGVaLYXtub,spotify:track:7B0k8YTfKzj9BGVaLYXtub,https://api.spotify.com/v1/tracks/7B0k8YTfKzj9BGVaLYXtub,https://api.spotify.com/v1/audio-analysis/7B0k8YTfKzj9BGVaLYXtub,191667,4,Morocco
42,Nfss Lhala,[7douYKOyzk9ZRvGFu9UOnm],0.749,0.628,4,-10.021,0,0.0454,0.501,5e-06,0.0886,0.719,139.067,audio_features,4Sf0D2p1XLbfnVAAFFLl0E,spotify:track:4Sf0D2p1XLbfnVAAFFLl0E,https://api.spotify.com/v1/tracks/4Sf0D2p1XLbfnVAAFFLl0E,https://api.spotify.com/v1/audio-analysis/4Sf0D2p1XLbfnVAAFFLl0E,200288,4,Morocco
43,MARADONA - Remix,"[5Do9u0GoN4gFn6Nk8NGDhh, 4BFLElxtBEdsdwGA1kHTsx]",0.785,0.697,5,-7.826,0,0.0685,0.481,0.0,0.166,0.912,121.017,audio_features,1eiL5AM3hsfhrmXkfSKlfj,spotify:track:1eiL5AM3hsfhrmXkfSKlfj,https://api.spotify.com/v1/tracks/1eiL5AM3hsfhrmXkfSKlfj,https://api.spotify.com/v1/audio-analysis/1eiL5AM3hsfhrmXkfSKlfj,158678,4,Morocco
44,Unchained (Intro),[7DBIKXxSh2BMPqSN7UB4rS],0.37,0.298,2,-18.473,0,0.069,0.889,0.648,0.184,0.265,88.264,audio_features,66vq6Y7127n2GsdVU9PrPN,spotify:track:66vq6Y7127n2GsdVU9PrPN,https://api.spotify.com/v1/tracks/66vq6Y7127n2GsdVU9PrPN,https://api.spotify.com/v1/audio-analysis/66vq6Y7127n2GsdVU9PrPN,65440,5,Morocco
45,San Siro,[0bmKQDkU4J3gUykZS8tb6v],0.782,0.416,8,-13.928,0,0.513,0.549,1e-06,0.0633,0.404,141.984,audio_features,20CeXYgWoJdheBiI89QgcK,spotify:track:20CeXYgWoJdheBiI89QgcK,https://api.spotify.com/v1/tracks/20CeXYgWoJdheBiI89QgcK,https://api.spotify.com/v1/audio-analysis/20CeXYgWoJdheBiI89QgcK,204350,4,Morocco
46,APT.,"[3eVa5w3URK5duf6eyVDbu9, 0du5cEVh5yTK9QJze8zA0C]",0.777,0.783,0,-4.477,0,0.26,0.0283,0.0,0.355,0.939,149.027,audio_features,5vNRhkKd0yEAg8suGBpjeY,spotify:track:5vNRhkKd0yEAg8suGBpjeY,https://api.spotify.com/v1/tracks/5vNRhkKd0yEAg8suGBpjeY,https://api.spotify.com/v1/audio-analysis/5vNRhkKd0yEAg8suGBpjeY,169917,4,Morocco
47,FRI(END)S,[3JsHnjpbhX4SnySpvpa9DK],0.466,0.601,8,-4.468,1,0.053,0.0315,0.0,0.0927,0.627,53.376,audio_features,0PBTlQ84CBJF0tBnKGmQa6,spotify:track:0PBTlQ84CBJF0tBnKGmQa6,https://api.spotify.com/v1/tracks/0PBTlQ84CBJF0tBnKGmQa6,https://api.spotify.com/v1/audio-analysis/0PBTlQ84CBJF0tBnKGmQa6,148082,4,Morocco
48,Dawk Lya,[7LC7LQ1f1CzaRLobFcblZN],0.624,0.408,0,-10.965,0,0.0337,0.362,0.0243,0.0936,0.396,149.957,audio_features,6Z6Z0DliiVFzhp3vLrvT1N,spotify:track:6Z6Z0DliiVFzhp3vLrvT1N,https://api.spotify.com/v1/tracks/6Z6Z0DliiVFzhp3vLrvT1N,https://api.spotify.com/v1/audio-analysis/6Z6Z0DliiVFzhp3vLrvT1N,148800,4,Morocco
49,Die With A Smile,"[1HY2Jd0NmPuamShAr6KMms, 0du5cEVh5yTK9QJze8zA0C]",0.521,0.592,6,-7.777,0,0.0304,0.308,0.0,0.122,0.535,157.969,audio_features,2plbrEY59IikOBgBGLjaoe,spotify:track:2plbrEY59IikOBgBGLjaoe,https://api.spotify.com/v1/tracks/2plbrEY59IikOBgBGLjaoe,https://api.spotify.com/v1/audio-analysis/2plbrEY59IikOBgBGLjaoe,251668,3,Morocco
0,Wishi Wishi (feat. Scotts Maphuma & Young Stunna),"[1bNjWBFWsAAzZSR59lRdpR, 2mF7ygWz9oyJ3L6ZPWlZVH, 0mMqD2uqwvCjFvlzo6ayGi, 3S4T8XtipStwl34odXn1YS, 6WQFTzqYHmh8Ph2X0L0QLQ]",0.861,0.622,1,-12.417,1,0.0727,0.0632,7.8e-05,0.253,0.413,112.009,audio_features,34eKUydsaj9GeMTT1ybutO,spotify:track:34eKUydsaj9GeMTT1ybutO,https://api.spotify.com/v1/tracks/34eKUydsaj9GeMTT1ybutO,https://api.spotify.com/v1/audio-analysis/34eKUydsaj9GeMTT1ybutO,381429,4,South Africa
1,Sdakiwe Sbali (feat. Bless The Gentleman & DJ Kap),"[1HGyQR41EokAZE5Dl4PtYc, 3zO4VnpgPzQAE6ibTievv1, 6YbUZ7rG3diOQFbAq8cySD]",0.937,0.638,6,-6.094,0,0.0424,0.00877,0.0,0.0608,0.753,114.043,audio_features,21fhgH4tjYcAKzkzCuYyr6,spotify:track:21fhgH4tjYcAKzkzCuYyr6,https://api.spotify.com/v1/tracks/21fhgH4tjYcAKzkzCuYyr6,https://api.spotify.com/v1/audio-analysis/21fhgH4tjYcAKzkzCuYyr6,245740,4,South Africa
2,Gucci,"[2tqMDvoyXVbN7uF4ObOeJX, 5kwZB1xNLgB3lln1JGS2B9]",0.625,0.927,6,-5.446,0,0.0313,0.0212,0.011,0.304,0.863,146.727,audio_features,567NwM1L86vGvZwiZfCsMo,spotify:track:567NwM1L86vGvZwiZfCsMo,https://api.spotify.com/v1/tracks/567NwM1L86vGvZwiZfCsMo,https://api.spotify.com/v1/audio-analysis/567NwM1L86vGvZwiZfCsMo,247618,4,South Africa
3,"Biri Marung (feat. Sje Konka, Focalistic, DJ Maphorisa, Scotts Maphuma & CowBoii)","[3qqJxbB40F5AmjBiO4akVa, 4hADccnhJWKgtjTKues1oy, 3U6tzzUuiMZD64IPkutbjM, 1x0kR06ROuVi1aLwPuaZ7J, 2GJMSZ7M3D0KyyKRhYgWju, 0mMqD2uqwvCjFvlzo6ayGi, 3S4T8XtipStwl34odXn1YS, 5n0o0t9wgg6uzHqfVd2Yr1]",0.848,0.588,9,-10.935,1,0.0532,0.00115,0.00485,0.0523,0.301,113.002,audio_features,7MD8gswt08VhFwVF1PR8Mg,spotify:track:7MD8gswt08VhFwVF1PR8Mg,https://api.spotify.com/v1/tracks/7MD8gswt08VhFwVF1PR8Mg,https://api.spotify.com/v1/audio-analysis/7MD8gswt08VhFwVF1PR8Mg,454779,4,South Africa
4,Ndisize,"[0fs9otT9TtwXUOcFXZomZY, 3flcjKgRCeBVZTR8n8iShE]",0.784,0.629,5,-8.35,1,0.0493,0.0061,0.264,0.0918,0.515,117.003,audio_features,2ZdiSdC1ElfhEsFanMlpdO,spotify:track:2ZdiSdC1ElfhEsFanMlpdO,https://api.spotify.com/v1/tracks/2ZdiSdC1ElfhEsFanMlpdO,https://api.spotify.com/v1/audio-analysis/2ZdiSdC1ElfhEsFanMlpdO,315117,4,South Africa
5,Sohlala Sisonke,"[5kmceQl1Y7lveTVbcy5ycD, 1dllQgzSDUNbXbtk5INbhj, 6jUYsFkr46ErYnMV82HgQ8]",0.715,0.765,7,-7.837,0,0.0363,0.124,0.0824,0.0391,0.733,118.026,audio_features,7hO6BIPeHb0Y5v9bgXoxKg,spotify:track:7hO6BIPeHb0Y5v9bgXoxKg,https://api.spotify.com/v1/tracks/7hO6BIPeHb0Y5v9bgXoxKg,https://api.spotify.com/v1/audio-analysis/7hO6BIPeHb0Y5v9bgXoxKg,327458,4,South Africa
6,Can't Get,"[13TUuvzi6FAkiA5F9MiYF8, 2SuwWqS2g4w2GSE4lxD1UM]",0.832,0.605,8,-7.441,1,0.0434,0.0911,0.0652,0.0471,0.762,113.003,audio_features,6COIIA7XjaExDj4fkCqaB9,spotify:track:6COIIA7XjaExDj4fkCqaB9,https://api.spotify.com/v1/tracks/6COIIA7XjaExDj4fkCqaB9,https://api.spotify.com/v1/audio-analysis/6COIIA7XjaExDj4fkCqaB9,293536,4,South Africa
7,Chokeslem,"[5ln4EWpJqQZEWXAlSNTtVz, 6c4AisSoKVYdeivUhofn6P]",0.817,0.841,5,-4.173,0,0.0382,0.118,0.000216,0.0772,0.336,125.989,audio_features,3jTedBPHIIr48xoJchYHNH,spotify:track:3jTedBPHIIr48xoJchYHNH,https://api.spotify.com/v1/tracks/3jTedBPHIIr48xoJchYHNH,https://api.spotify.com/v1/audio-analysis/3jTedBPHIIr48xoJchYHNH,221255,4,South Africa
8,"Sthandwa Sam (feat. BelloM, Epic DJ, DJ Seneath & X-Morizo)","[6Z6xrqezBTUUDnCinhPwCO, 7BZeoHymLQ7WC1Vl7gkS5g, 3ZdMTEKhhs4Rl7qQXv4vUT, 0APf0XKCd2289zoD4wzroe, 2xopv1IOZfIPbbVuHDylEL]",0.773,0.754,1,-7.588,0,0.0369,0.00723,0.0405,0.0191,0.528,112.997,audio_features,0dI8174H04ATp4iEw0WkrT,spotify:track:0dI8174H04ATp4iEw0WkrT,https://api.spotify.com/v1/tracks/0dI8174H04ATp4iEw0WkrT,https://api.spotify.com/v1/audio-analysis/0dI8174H04ATp4iEw0WkrT,380199,4,South Africa
9,Yebo Lapho (Gogo) (feat. DJ Maphorisa & Djy Biza),"[6k8odn7NzzTT4K3NBNtsfV, 3S4T8XtipStwl34odXn1YS, 5JyEgson2YVsJT0fNGroWn, 0mMqD2uqwvCjFvlzo6ayGi, 1YO25RWxpZ2Pvg82Bs4ING]",0.831,0.933,1,-7.137,1,0.043,0.00132,0.0115,0.0577,0.608,113.0,audio_features,0NLRYW9HyqHcbyzfAwskKN,spotify:track:0NLRYW9HyqHcbyzfAwskKN,https://api.spotify.com/v1/tracks/0NLRYW9HyqHcbyzfAwskKN,https://api.spotify.com/v1/audio-analysis/0NLRYW9HyqHcbyzfAwskKN,424801,4,South Africa
10,Zase England,"[1apU1xLioEcDVmYQmmbXD8, 5MJ5f1XKD9yu7aWfG8OGjz, 3S4T8XtipStwl34odXn1YS]",0.872,0.582,1,-11.882,1,0.0671,0.0417,0.0,0.0653,0.31,112.014,audio_features,7of6lpTmDwVshVQ7kcQxYo,spotify:track:7of6lpTmDwVshVQ7kcQxYo,https://api.spotify.com/v1/tracks/7of6lpTmDwVshVQ7kcQxYo,https://api.spotify.com/v1/audio-analysis/7of6lpTmDwVshVQ7kcQxYo,369816,4,South Africa
11,Uvalo,"[7CAuIrM6rFLrIgisYOV0Fs, 4RfOLIFy2xEmlWzXEVmLJn]",0.532,0.414,5,-7.992,0,0.0935,0.652,0.00264,0.114,0.0987,159.958,audio_features,3H8XWGDteOl8nmUqeYrHw5,spotify:track:3H8XWGDteOl8nmUqeYrHw5,https://api.spotify.com/v1/tracks/3H8XWGDteOl8nmUqeYrHw5,https://api.spotify.com/v1/audio-analysis/3H8XWGDteOl8nmUqeYrHw5,324000,3,South Africa
12,Mfazi Wephepha (feat. Big Zulu & Zee Nxumalo),"[2iN5MhOgkenO5FtkPtEVAF, 4AnNB3lPD0Sv7ziKVHqI66, 523y9KSneKh6APd1hKxLuF, 6sNKQgLUy4LVNEX3r1kG1A, 5m5lgddffBHA2pv0m5E2Ro]",0.9,0.564,1,-7.92,1,0.0582,0.0451,0.0192,0.0531,0.516,113.006,audio_features,03el79rU07nAtJYgX1v62f,spotify:track:03el79rU07nAtJYgX1v62f,https://api.spotify.com/v1/tracks/03el79rU07nAtJYgX1v62f,https://api.spotify.com/v1/audio-analysis/03el79rU07nAtJYgX1v62f,291795,4,South Africa
13,Phuthuma,"[1W5wfiEUdPebJdwmyglKP4, 3S4T8XtipStwl34odXn1YS]",0.885,0.677,7,-9.004,0,0.0532,0.0921,0.0035,0.0825,0.393,112.994,audio_features,1DyNpDv4M8qBTthYIAPvqW,spotify:track:1DyNpDv4M8qBTthYIAPvqW,https://api.spotify.com/v1/tracks/1DyNpDv4M8qBTthYIAPvqW,https://api.spotify.com/v1/audio-analysis/1DyNpDv4M8qBTthYIAPvqW,323750,4,South Africa
14,All My Life,"[0RSqcZGU4Kf01zKcn4JhiE, 3Px6IenueysHsgCQf9xFVr]",0.69,0.401,8,-9.186,1,0.0493,0.749,0.000522,0.111,0.463,95.009,audio_features,6eyJuobFFGXLAOOkxrIdSV,spotify:track:6eyJuobFFGXLAOOkxrIdSV,https://api.spotify.com/v1/tracks/6eyJuobFFGXLAOOkxrIdSV,https://api.spotify.com/v1/audio-analysis/6eyJuobFFGXLAOOkxrIdSV,266526,4,South Africa
15,Kwelanga 2.0 (feat. Tman Xpress & LeeMcKrazy),"[1ELUrmWBlXkqVabjVincQ6, 1WyQuSMk2VrDyfYfdfa4w6, 6V0AnQuqPD8zkTZKbO1pbk, 0lxNEAFHu0uIMSTWMiKV3q, 5vFGtc23dtvt3f7FSK7vtg, 6Wqpl1YTjgy5TiTluzFzjx]",0.79,0.662,10,-11.636,0,0.0495,0.0727,0.109,0.0261,0.678,113.006,audio_features,1gM44tVZ9pfUe9v35Stp31,spotify:track:1gM44tVZ9pfUe9v35Stp31,https://api.spotify.com/v1/tracks/1gM44tVZ9pfUe9v35Stp31,https://api.spotify.com/v1/audio-analysis/1gM44tVZ9pfUe9v35Stp31,441894,4,South Africa
16,MaDlamini (feat. Mellow & Sleazy),"[0sN5oRkFliiyjSNqPIEjML, 3S4T8XtipStwl34odXn1YS, 5MJ5f1XKD9yu7aWfG8OGjz]",0.795,0.71,10,-9.251,0,0.0491,0.0554,0.114,0.129,0.579,111.997,audio_features,0X5qaCnHN98ELiqincjJwg,spotify:track:0X5qaCnHN98ELiqincjJwg,https://api.spotify.com/v1/tracks/0X5qaCnHN98ELiqincjJwg,https://api.spotify.com/v1/audio-analysis/0X5qaCnHN98ELiqincjJwg,454503,4,South Africa
17,Iza Mawala (feat. Dladla Mshunqisi & Goldmax),"[2J9OgoroujUr9FiiT40sqc, 3vg62RNNbcEtTGVRHzIBdi, 1bNjWBFWsAAzZSR59lRdpR, 5M9mFjVaPT2T1HFYFFSoCt, 3yWkz47Z8kE6z1xW6rjkAl]",0.837,0.675,10,-15.098,0,0.0592,0.0117,0.814,0.0746,0.472,113.008,audio_features,0Xc5lXQ1Q1NxGyL7SSXnF9,spotify:track:0Xc5lXQ1Q1NxGyL7SSXnF9,https://api.spotify.com/v1/tracks/0Xc5lXQ1Q1NxGyL7SSXnF9,https://api.spotify.com/v1/audio-analysis/0Xc5lXQ1Q1NxGyL7SSXnF9,395044,4,South Africa
18,"Abo Nokthula (feat. The Exclusive SA, Scotts Maphuma, Kabelo Sings, Bontle Smith, 2woshort & Stompiiey)","[2oA819q93vu53ZDkCJYdbN, 5vFGtc23dtvt3f7FSK7vtg, 0CPfPl6Fy7ueqMoxjZjmYb, 1YA6d3F7LilOsKSGYSB4Nm, 3S4T8XtipStwl34odXn1YS, 3YOKEbNmcMxvIDpZxw4jvn, 6xcF2N2Z4NFVEkLCZluCLC, 2CsKNR9HBBs3bAswmPz825, 16IdDbuertDHTGF9Si2eCN]",0.943,0.539,5,-8.398,0,0.0632,0.0512,0.00351,0.041,0.45,112.008,audio_features,4QFMdUKVMmKgH6masoIVNr,spotify:track:4QFMdUKVMmKgH6masoIVNr,https://api.spotify.com/v1/tracks/4QFMdUKVMmKgH6masoIVNr,https://api.spotify.com/v1/audio-analysis/4QFMdUKVMmKgH6masoIVNr,368577,4,South Africa
19,Diqabang,"[2NJ4G5sIHIfma9PF2MO0yi, 6KSYSas66s64PZDOnb6knq, 0w5arbommuYnUMeXetmv17, 2Fotv9MULwrtOPORxgtRui]",0.711,0.52,2,-11.103,0,0.0331,0.102,0.00152,0.13,0.363,111.993,audio_features,4zZxynw8cwhCRlDl9pay2f,spotify:track:4zZxynw8cwhCRlDl9pay2f,https://api.spotify.com/v1/tracks/4zZxynw8cwhCRlDl9pay2f,https://api.spotify.com/v1/audio-analysis/4zZxynw8cwhCRlDl9pay2f,402891,4,South Africa
20,Paris,"[2tqMDvoyXVbN7uF4ObOeJX, 2KYeDbDn8hr0auXnbpKfvs]",0.619,0.903,1,-4.659,1,0.0693,0.0296,0.00199,0.19,0.964,154.639,audio_features,7JbLSEDlRdoJaXk5ddZae2,spotify:track:7JbLSEDlRdoJaXk5ddZae2,https://api.spotify.com/v1/tracks/7JbLSEDlRdoJaXk5ddZae2,https://api.spotify.com/v1/audio-analysis/7JbLSEDlRdoJaXk5ddZae2,257959,4,South Africa
21,Ama Gear,"[5kmceQl1Y7lveTVbcy5ycD, 1raznef8uIDK0SAlPabb86, 5m5lgddffBHA2pv0m5E2Ro, 6jUYsFkr46ErYnMV82HgQ8]",0.769,0.535,3,-13.9,0,0.0473,0.482,0.764,0.0787,0.534,118.008,audio_features,0cnbEf12FLBWx9QnBlw1EL,spotify:track:0cnbEf12FLBWx9QnBlw1EL,https://api.spotify.com/v1/tracks/0cnbEf12FLBWx9QnBlw1EL,https://api.spotify.com/v1/audio-analysis/0cnbEf12FLBWx9QnBlw1EL,457145,4,South Africa
22,My Dululu,"[241x5prRiXJmnk4vSGEHcr, 4iKk928O7ApC51cf4q2mpO]",0.713,0.58,5,-8.471,1,0.0418,0.552,0.0,0.0683,0.749,108.77,audio_features,2pdid5w8VxdgMmYlp7r17z,spotify:track:2pdid5w8VxdgMmYlp7r17z,https://api.spotify.com/v1/tracks/2pdid5w8VxdgMmYlp7r17z,https://api.spotify.com/v1/audio-analysis/2pdid5w8VxdgMmYlp7r17z,295785,3,South Africa
23,Rush Hour,[7lpGctutZNeN7UKIyEFbPg],0.721,0.937,10,-4.87,0,0.112,0.142,0.000371,0.0561,0.804,159.973,audio_features,1AXW0WnNUceegJHGl3HWlJ,spotify:track:1AXW0WnNUceegJHGl3HWlJ,https://api.spotify.com/v1/tracks/1AXW0WnNUceegJHGl3HWlJ,https://api.spotify.com/v1/audio-analysis/1AXW0WnNUceegJHGl3HWlJ,271305,4,South Africa
24,BIRDS OF A FEATHER,[6qqNVTkY8uBg9cP3Jd7DAH],0.747,0.507,2,-10.171,1,0.0358,0.2,0.0608,0.117,0.438,104.978,audio_features,6dOtVTDdiauQNBQEDOtlAB,spotify:track:6dOtVTDdiauQNBQEDOtlAB,https://api.spotify.com/v1/tracks/6dOtVTDdiauQNBQEDOtlAB,https://api.spotify.com/v1/audio-analysis/6dOtVTDdiauQNBQEDOtlAB,210373,4,South Africa
25,eGoli (feat. Eltee & Novatron),"[5n0o0t9wgg6uzHqfVd2Yr1, 5MJ5f1XKD9yu7aWfG8OGjz, 3S4T8XtipStwl34odXn1YS, 4mexy8G8bBE7SBuAzTBLYr, 5rnKcmn5XTpbD9OPEsrV1s]",0.888,0.403,5,-10.949,0,0.142,0.0524,0.00106,0.042,0.597,112.009,audio_features,3mWu4sw2LsmNX4UBfhrvC1,spotify:track:3mWu4sw2LsmNX4UBfhrvC1,https://api.spotify.com/v1/tracks/3mWu4sw2LsmNX4UBfhrvC1,https://api.spotify.com/v1/audio-analysis/3mWu4sw2LsmNX4UBfhrvC1,414319,4,South Africa
26,Ngathi Nguye,"[3aznFYhXZNLiZYfF2nIt6K, 0bQK92L70k52lgVCQX0mNp]",0.571,0.722,7,-9.79,1,0.0468,0.132,0.143,0.627,0.726,77.0,audio_features,3bqCtq5RcPzULlyqkFGVJ7,spotify:track:3bqCtq5RcPzULlyqkFGVJ7,https://api.spotify.com/v1/tracks/3bqCtq5RcPzULlyqkFGVJ7,https://api.spotify.com/v1/audio-analysis/3bqCtq5RcPzULlyqkFGVJ7,383425,4,South Africa
27,Xola,"[5EVpgXduYKQyggrs93bPby, 3i9UjIGeZT2cRyltQrr8nj, 4QkKUb73NVonTlAZaShsuY, 0DnvMgwUAfLV06uffraoeJ]",0.848,0.699,4,-10.771,0,0.0567,0.0567,0.000728,0.138,0.503,111.999,audio_features,1KpHX3zexEHvYTw0dSyfgF,spotify:track:1KpHX3zexEHvYTw0dSyfgF,https://api.spotify.com/v1/tracks/1KpHX3zexEHvYTw0dSyfgF,https://api.spotify.com/v1/audio-analysis/1KpHX3zexEHvYTw0dSyfgF,428544,4,South Africa
28,Nhliziyo Yami,"[2krUPP3nMYoF1C5WX3yB7J, 1HGyQR41EokAZE5Dl4PtYc]",0.881,0.474,0,-7.675,1,0.0483,0.0176,0.0348,0.0678,0.576,114.001,audio_features,1S1K6RxkEkm9a9op800QEk,spotify:track:1S1K6RxkEkm9a9op800QEk,https://api.spotify.com/v1/tracks/1S1K6RxkEkm9a9op800QEk,https://api.spotify.com/v1/audio-analysis/1S1K6RxkEkm9a9op800QEk,246184,4,South Africa
29,"Wadibusa (feat. Royal MusiQ, OHP Sage, & Pcee)","[68McnNC9twEtiynOAJRRgZ, 0UDlBvCj6BwV8uYLf8zzKS, 4IZr8UpEiuTNDf9a5atoco, 22Bl1QCNEZvpqVwRPYscE4]",0.845,0.584,1,-7.627,1,0.0477,0.00141,0.0595,0.0661,0.4,111.978,audio_features,5DqA8IUhk1DQSGmf6XOVrI,spotify:track:5DqA8IUhk1DQSGmf6XOVrI,https://api.spotify.com/v1/tracks/5DqA8IUhk1DQSGmf6XOVrI,https://api.spotify.com/v1/audio-analysis/5DqA8IUhk1DQSGmf6XOVrI,285035,4,South Africa
30,Bashimane,"[1BC2o2RW9sGr2NB8jXlYQv, 3kOjBD3iIxB2zeN4CFngxm]",0.573,0.468,8,-10.444,1,0.138,0.0005,0.000278,0.0462,0.621,149.07,audio_features,20QQlFhbWCkMJ6WhC4G2X8,spotify:track:20QQlFhbWCkMJ6WhC4G2X8,https://api.spotify.com/v1/tracks/20QQlFhbWCkMJ6WhC4G2X8,https://api.spotify.com/v1/audio-analysis/20QQlFhbWCkMJ6WhC4G2X8,377997,5,South Africa
31,WILDFLOWER,[6qqNVTkY8uBg9cP3Jd7DAH],0.467,0.247,6,-12.002,0,0.0431,0.612,0.000271,0.17,0.126,148.101,audio_features,3QaPy1KgI7nu9FJEQUgn6h,spotify:track:3QaPy1KgI7nu9FJEQUgn6h,https://api.spotify.com/v1/tracks/3QaPy1KgI7nu9FJEQUgn6h,https://api.spotify.com/v1/audio-analysis/3QaPy1KgI7nu9FJEQUgn6h,261467,4,South Africa
32,Die With A Smile,"[1HY2Jd0NmPuamShAr6KMms, 0du5cEVh5yTK9QJze8zA0C]",0.521,0.592,6,-7.777,0,0.0304,0.308,0.0,0.122,0.535,157.969,audio_features,2plbrEY59IikOBgBGLjaoe,spotify:track:2plbrEY59IikOBgBGLjaoe,https://api.spotify.com/v1/tracks/2plbrEY59IikOBgBGLjaoe,https://api.spotify.com/v1/audio-analysis/2plbrEY59IikOBgBGLjaoe,251668,3,South Africa
33,Ncono Siyeke,"[16Sxr5Kd5KJIUXTUVtmVOV, 6OtlecLaA62XUdzRZDSeBz]",0.455,0.799,2,-8.831,1,0.0359,0.384,0.0,0.575,0.868,99.729,audio_features,79r4mAwHBAB1x5QnImlUM6,spotify:track:79r4mAwHBAB1x5QnImlUM6,https://api.spotify.com/v1/tracks/79r4mAwHBAB1x5QnImlUM6,https://api.spotify.com/v1/audio-analysis/79r4mAwHBAB1x5QnImlUM6,299363,3,South Africa
34,"Imithandazo (feat. Young Stunna, DJ Maphorisa, Sizwe Alakine & Umthakathi Kush)","[1bNjWBFWsAAzZSR59lRdpR, 2qixIA7qPFts4yN1Av017D, 0mMqD2uqwvCjFvlzo6ayGi, 6WQFTzqYHmh8Ph2X0L0QLQ, 7Hb7ZlUE4ByWsV1Rkc4Uo2, 4DFFwNev2bjj7QGVTxzuwM]",0.806,0.767,6,-9.686,0,0.112,0.179,0.00126,0.182,0.795,113.001,audio_features,6Kijtp0DB6VwcoJIw7PJ9W,spotify:track:6Kijtp0DB6VwcoJIw7PJ9W,https://api.spotify.com/v1/tracks/6Kijtp0DB6VwcoJIw7PJ9W,https://api.spotify.com/v1/audio-analysis/6Kijtp0DB6VwcoJIw7PJ9W,351201,4,South Africa
35,Ndisize (Radio Edit),"[0fs9otT9TtwXUOcFXZomZY, 3flcjKgRCeBVZTR8n8iShE]",0.719,0.702,5,-8.038,1,0.0409,0.00849,0.0909,0.138,0.425,116.986,audio_features,4QpVAEqq1gKIyUlEVLobAn,spotify:track:4QpVAEqq1gKIyUlEVLobAn,https://api.spotify.com/v1/tracks/4QpVAEqq1gKIyUlEVLobAn,https://api.spotify.com/v1/audio-analysis/4QpVAEqq1gKIyUlEVLobAn,220764,4,South Africa
36,Amabhoza,"[3xXIOO328Ieh0PWOcxivjL, 3fdFRgy3GmfiWQqeKbmFS8, 5kwZB1xNLgB3lln1JGS2B9]",0.805,0.627,11,-9.023,1,0.0651,0.0172,0.00418,0.11,0.731,112.006,audio_features,3Aw4XtR8BopVdvJ1dGnevM,spotify:track:3Aw4XtR8BopVdvJ1dGnevM,https://api.spotify.com/v1/tracks/3Aw4XtR8BopVdvJ1dGnevM,https://api.spotify.com/v1/audio-analysis/3Aw4XtR8BopVdvJ1dGnevM,402896,4,South Africa
37,Pabi Jo (feat. Lajere man & DJ DADAMAN),"[6EG9v86LsCoq5HS4Jj1zCQ, 2GJMSZ7M3D0KyyKRhYgWju, 71sePyklre8L4YJuE9Qf7D, 5H7UcHG42hqQZzkGJ8QqIt, 1f5s8gmQ3SgDc6TtlegNkS]",0.849,0.642,10,-9.304,0,0.054,0.0647,0.0174,0.137,0.663,112.012,audio_features,0UCv4K0MMGf7OLKAcKYFwR,spotify:track:0UCv4K0MMGf7OLKAcKYFwR,https://api.spotify.com/v1/tracks/0UCv4K0MMGf7OLKAcKYFwR,https://api.spotify.com/v1/audio-analysis/0UCv4K0MMGf7OLKAcKYFwR,352081,4,South Africa
38,"Ebasini (feat. Tman Xpress, Visca, Ceeka RSA, Sjavasdadeejayj & Al Xapo)","[2oIQCM7hRZI9tS5b9S8rj4, 5vFGtc23dtvt3f7FSK7vtg, 6Wqpl1YTjgy5TiTluzFzjx, 4Ijr6oNjLibby38inghdKO, 5DuhT9Ix9p7qvE42w9liWY, 5I2wx5alIUkX7uDkTUAv6Z, 6vIKxXxsfpL8tAmjP0eCwY]",0.831,0.556,7,-6.794,1,0.0523,0.0527,0.0425,0.025,0.478,113.009,audio_features,3E1PwVodPiDbBHOI85CO9M,spotify:track:3E1PwVodPiDbBHOI85CO9M,https://api.spotify.com/v1/tracks/3E1PwVodPiDbBHOI85CO9M,https://api.spotify.com/v1/audio-analysis/3E1PwVodPiDbBHOI85CO9M,407804,4,South Africa
39,Selimathunzi,"[1lDWyPzSZOqP5jfZNm5lLI, 2zCe5zvuLDUr9BfD4NMDQc, 15NUCBzkuF0VbkybGMUTPw, 39ejxavrkdkHXj6yCGJugx]",0.726,0.786,11,-11.253,0,0.0449,0.013,0.258,0.0896,0.292,112.005,audio_features,2HiHffF7XArCZDDn5VNUGM,spotify:track:2HiHffF7XArCZDDn5VNUGM,https://api.spotify.com/v1/tracks/2HiHffF7XArCZDDn5VNUGM,https://api.spotify.com/v1/audio-analysis/2HiHffF7XArCZDDn5VNUGM,551579,4,South Africa
40,"Amalanga (feat. TO Starquality, Chley & Kabza De Small)","[3fdFRgy3GmfiWQqeKbmFS8, 5DrdfQwRGTeV7erKmKVZ6i, 0mMqD2uqwvCjFvlzo6ayGi, 34RwSIfWKAwRdIq6cdYnZv, 7HpriU9gAJThxAfPfXpZ6N, 1bNjWBFWsAAzZSR59lRdpR]",0.904,0.54,5,-14.726,0,0.0627,0.0282,0.042,0.0972,0.36,112.009,audio_features,0nW9PrcihaknNnldmEx08O,spotify:track:0nW9PrcihaknNnldmEx08O,https://api.spotify.com/v1/tracks/0nW9PrcihaknNnldmEx08O,https://api.spotify.com/v1/audio-analysis/0nW9PrcihaknNnldmEx08O,385748,4,South Africa
41,Amazwe (feat. Mawhoo),"[1bNjWBFWsAAzZSR59lRdpR, 2qixIA7qPFts4yN1Av017D, 5kwZB1xNLgB3lln1JGS2B9]",0.806,0.682,10,-9.961,0,0.0537,0.0159,0.00185,0.0548,0.582,112.992,audio_features,2Oe52Ggx8lxxI55azZbr5h,spotify:track:2Oe52Ggx8lxxI55azZbr5h,https://api.spotify.com/v1/tracks/2Oe52Ggx8lxxI55azZbr5h,https://api.spotify.com/v1/audio-analysis/2Oe52Ggx8lxxI55azZbr5h,463037,4,South Africa
42,Uhambe Wrongo (feat. Mr. Maker),"[5yR5c8xnUVQDP3UDqfjhZd, 4VlxI0WKDh7HFgHjXcfj6v, 0w5arbommuYnUMeXetmv17, 5V18XqJmDIo9Sr6Rlu6cgu]",0.823,0.626,0,-12.512,1,0.0586,0.0962,0.796,0.161,0.313,112.012,audio_features,40zr1pQlSaIWUYyR8APyy2,spotify:track:40zr1pQlSaIWUYyR8APyy2,https://api.spotify.com/v1/tracks/40zr1pQlSaIWUYyR8APyy2,https://api.spotify.com/v1/audio-analysis/40zr1pQlSaIWUYyR8APyy2,368700,4,South Africa
43,Tlala o nyele,"[5ln4EWpJqQZEWXAlSNTtVz, 6c4AisSoKVYdeivUhofn6P]",0.928,0.578,0,-10.405,1,0.185,0.0464,0.00708,0.0982,0.186,126.046,audio_features,4wU6xUwAgFnMwjMlxLevHb,spotify:track:4wU6xUwAgFnMwjMlxLevHb,https://api.spotify.com/v1/tracks/4wU6xUwAgFnMwjMlxLevHb,https://api.spotify.com/v1/audio-analysis/4wU6xUwAgFnMwjMlxLevHb,207856,4,South Africa
44,Jealous Down (feat. Dr Skaro),"[24Hon9044L6JUKWcqQSjma, 2xkslEBMPDYAZzT2Ws2pUz]",0.878,0.489,1,-9.57,1,0.0594,0.0102,3.3e-05,0.0723,0.491,115.994,audio_features,0WowHKVNsbEBaPLZbB4Zmj,spotify:track:0WowHKVNsbEBaPLZbB4Zmj,https://api.spotify.com/v1/tracks/0WowHKVNsbEBaPLZbB4Zmj,https://api.spotify.com/v1/audio-analysis/0WowHKVNsbEBaPLZbB4Zmj,332382,4,South Africa
45,Bafana (feat. Ba Bethe Gashoazen),"[24Hon9044L6JUKWcqQSjma, 4GlpRsgQev4kO3yl4YhoJs]",0.878,0.489,1,-9.57,1,0.0594,0.0102,3.3e-05,0.0723,0.491,115.994,audio_features,5W6KyyrmTImJK4vGsnfQuZ,spotify:track:5W6KyyrmTImJK4vGsnfQuZ,https://api.spotify.com/v1/tracks/5W6KyyrmTImJK4vGsnfQuZ,https://api.spotify.com/v1/audio-analysis/5W6KyyrmTImJK4vGsnfQuZ,332382,4,South Africa
46,"Number 1 (feat. Iyanya, Prince Benza)","[24Hon9044L6JUKWcqQSjma, 3ZUn6LYxdmmPYQqBhFWI3h, 5jCHpUIjSnOXUzVaxwBA2k]",0.863,0.616,1,-7.365,1,0.0673,0.00295,0.0,0.0598,0.936,124.002,audio_features,6nzdbRzlTopbYwutzoakvI,spotify:track:6nzdbRzlTopbYwutzoakvI,https://api.spotify.com/v1/tracks/6nzdbRzlTopbYwutzoakvI,https://api.spotify.com/v1/audio-analysis/6nzdbRzlTopbYwutzoakvI,310680,4,South Africa
47,Thola Umuntu,"[6qQ80mn21S92SYfqtceUin, 4IZr8UpEiuTNDf9a5atoco, 7cEqpdw3pDFWfl8jScOSNe]",0.823,0.56,5,-9.458,0,0.0443,0.115,6e-05,0.0639,0.695,111.998,audio_features,1z9cFQp5CGOAsACK2IWzCG,spotify:track:1z9cFQp5CGOAsACK2IWzCG,https://api.spotify.com/v1/tracks/1z9cFQp5CGOAsACK2IWzCG,https://api.spotify.com/v1/audio-analysis/1z9cFQp5CGOAsACK2IWzCG,351429,4,South Africa
48,Bo Thata,"[0dUHzfa2msKEpMevzsdwqG, 3rIVgeRWFhGxhFF9wgJFC2, 3W0DeGwe5EHJwydiL6ECaC]",0.766,0.64,8,-14.798,1,0.0476,0.0329,0.0726,0.0621,0.535,112.985,audio_features,219UdZ1b9vuUe45FK2JeWx,spotify:track:219UdZ1b9vuUe45FK2JeWx,https://api.spotify.com/v1/tracks/219UdZ1b9vuUe45FK2JeWx,https://api.spotify.com/v1/audio-analysis/219UdZ1b9vuUe45FK2JeWx,548121,4,South Africa
49,Dali (feat. Bless The Gentleman & DJ Kap),"[1HGyQR41EokAZE5Dl4PtYc, 3zO4VnpgPzQAE6ibTievv1, 6YbUZ7rG3diOQFbAq8cySD]",0.904,0.623,1,-7.064,1,0.039,0.0369,4e-06,0.0453,0.751,113.007,audio_features,6ZiPVgBrULcpN0n9qQ3XO4,spotify:track:6ZiPVgBrULcpN0n9qQ3XO4,https://api.spotify.com/v1/tracks/6ZiPVgBrULcpN0n9qQ3XO4,https://api.spotify.com/v1/audio-analysis/6ZiPVgBrULcpN0n9qQ3XO4,218274,4,South Africa
