Costa Rica,danceability
Costa Rica,key
Costa Rica,loudness
Costa Rica,mode
Costa Rica,instrumentalness
Costa Rica,liveness
Costa Rica,tempo
Dominica,energy
Dominica,key
Dominica,speechiness
Dominica,liveness
Dominica,valence
Dominica,tempo
Dominican Republic,energy
Dominican Republic,key
Dominican Republic,speechiness
Dominican Republic,liveness
Dominican Republic,valence
Dominican Republic,tempo
El Salvador,danceability
El Salvador,energy
El Salvador,key
El Salvador,loudness
El Salvador,acousticness
El Salvador,valence
El Salvador,tempo
Guatemala,danceability
Guatemala,key
Guatemala,mode
Guatemala,acousticness
Guatemala,valence
Honduras,energy
Honduras,loudness
Honduras,acousticness
Honduras,instrumentalness
Nicaragua,danceability
Nicaragua,mode
Nicaragua,acousticness
Nicaragua,valence
Nicaragua,tempo
Panama,key
Panama,loudness
Panama,speechiness
Panama,acousticness
Panama,instrumentalness
