United States,speechiness
United States,liveness
Andorra,acousticness
Andorra,instrumentalness
Andorra,tempo
Argentina,energy
Argentina,loudness
Argentina,liveness
Argentina,valence
Argentina,tempo
Australia,loudness
Australia,tempo
Austria,instrumentalness
Austria,tempo
Belarus,energy
Belarus,loudness
Belarus,instrumentalness
Belarus,liveness
Belarus,valence
Belarus,tempo
Belgium,energy
Belgium,instrumentalness
Belgium,tempo
Bolivia,danceability
Bolivia,energy
Bolivia,loudness
Bolivia,liveness
Bolivia,valence
Bolivia,tempo
Brazil,danceability
Brazil,energy
Brazil,loudness
Brazil,speechiness
Brazil,acousticness
Brazil,liveness
Brazil,valence
Brazil,tempo
Bulgaria,danceability
Bulgaria,energy
Bulgaria,loudness
Bulgaria,liveness
Bulgaria,valence
Bulgaria,tempo
Canada,acousticness
Canada,liveness
Canada,tempo
Chile,danceability
Chile,energy
Chile,loudness
Chile,speechiness
Chile,valence
Colombia,danceability
Colombia,energy
Colombia,loudness
Colombia,speechiness
Colombia,liveness
Colombia,valence
Costa Rica,danceability
Costa Rica,energy
Costa Rica,loudness
Costa Rica,speechiness
Costa Rica,liveness
Costa Rica,valence
Costa Rica,tempo
Czech Republic,danceability
Czech Republic,energy
Czech Republic,speechiness
Czech Republic,instrumentalness
Czech Republic,tempo
Denmark,speechiness
Denmark,liveness
Dominica,danceability
Dominica,energy
Dominica,loudness
Dominica,speechiness
Dominica,liveness
Dominica,valence
Dominica,tempo
Dominican Republic,danceability
Dominican Republic,energy
Dominican Republic,loudness
Dominican Republic,speechiness
Dominican Republic,liveness
Dominican Republic,valence
Dominican Republic,tempo
Ecuador,danceability
Ecuador,energy
Ecuador,loudness
Ecuador,speechiness
Ecuador,valence
Egypt,acousticness
Egypt,liveness
Egypt,valence
El Salvador,danceability
El Salvador,energy
El Salvador,loudness
El Salvador,speechiness
El Salvador,valence
El Salvador,tempo
Estonia,energy
Estonia,instrumentalness
Estonia,liveness
Estonia,tempo
Finland,energy
Finland,loudness
Finland,instrumentalness
Finland,tempo
France,danceability
France,speechiness
France,acousticness
Germany,danceability
Germany,speechiness
Germany,instrumentalness
Germany,liveness
Greece,danceability
Greece,energy
Greece,speechiness
Greece,acousticness
Greece,liveness
Greece,tempo
Guatemala,danceability
Guatemala,energy
Guatemala,loudness
Guatemala,acousticness
Guatemala,valence
Guatemala,tempo
Honduras,danceability
Honduras,energy
Honduras,loudness
Honduras,acousticness
Honduras,valence
Hungary,danceability
Hungary,energy
Hungary,speechiness
Hungary,instrumentalness
Hungary,valence
Iceland,acousticness
Iceland,tempo
India,acousticness
Indonesia,acousticness
Indonesia,instrumentalness
Indonesia,tempo
Ireland,tempo
Israel,acousticness
Israel,instrumentalness
Israel,liveness
Italy,energy
Italy,loudness
Italy,speechiness
Italy,liveness
Japan,energy
Japan,loudness
Japan,liveness
Japan,valence
Japan,tempo
Kazakhstan,danceability
Kazakhstan,speechiness
Kazakhstan,acousticness
Kazakhstan,instrumentalness
Latvia,energy
Latvia,instrumentalness
Latvia,liveness
Latvia,tempo
Lithuania,danceability
Lithuania,energy
Lithuania,instrumentalness
Lithuania,valence
Lithuania,tempo
Luxembourg,energy
Luxembourg,instrumentalness
Luxembourg,tempo
Malaysia,acousticness
Malaysia,instrumentalness
Malaysia,tempo
Mexico,danceability
Mexico,energy
Mexico,loudness
Mexico,acousticness
Mexico,valence
Morocco,speechiness
Morocco,acousticness
Morocco,instrumentalness
Morocco,liveness
Netherlands,energy
Netherlands,instrumentalness
Netherlands,tempo
Nicaragua,danceability
Nicaragua,energy
Nicaragua,loudness
Nicaragua,acousticness
Nicaragua,valence
Nicaragua,tempo
Norway,liveness
Pakistan,speechiness
Pakistan,acousticness
Panama,danceability
Panama,energy
Panama,loudness
Panama,speechiness
Panama,acousticness
Panama,valence
Paraguay,danceability
Paraguay,energy
Paraguay,loudness
Paraguay,valence
Paraguay,tempo
Peru,danceability
Peru,energy
Peru,loudness
Peru,speechiness
Peru,valence
Philippines,acousticness
Poland,danceability
Poland,energy
Poland,speechiness
Poland,liveness
Poland,tempo
Romania,danceability
Romania,energy
Romania,loudness
Romania,liveness
Romania,valence
Romania,tempo
Saudi Arabia,instrumentalness
Singapore,energy
Singapore,loudness
Singapore,valence
Singapore,tempo
Slovakia,danceability
Slovakia,energy
Slovakia,speechiness
Slovakia,instrumentalness
Slovakia,tempo
South Africa,danceability
South Africa,instrumentalness
Spain,danceability
Spain,energy
Spain,loudness
Spain,speechiness
Spain,acousticness
Spain,liveness
Spain,valence
Sweden,speechiness
Sweden,acousticness
Sweden,instrumentalness
Sweden,tempo
Switzerland,energy
Switzerland,instrumentalness
Taiwan,loudness
Taiwan,acousticness
Taiwan,tempo
Thailand,energy
Thailand,loudness
Thailand,liveness
Thailand,tempo
Turkey,energy
Turkey,speechiness
Turkey,acousticness
Turkey,liveness
Ukraine,instrumentalness
Ukraine,liveness
United Kingdom,energy
United Kingdom,loudness
United Kingdom,tempo
Uruguay,danceability
Uruguay,energy
Uruguay,loudness
Uruguay,liveness
Uruguay,valence
Uruguay,tempo
Venezuela,danceability
Venezuela,energy
Venezuela,loudness
Venezuela,speechiness
Venezuela,acousticness
Venezuela,liveness
Venezuela,valence
Vietnam,acousticness
Vietnam,tempo
