id,label,popularity,type,main_continent
2YZyLoL8N0Wb9xBt1NhZWg,Kendrick Lamar,97.0,Artist,North America
1jiZvw42D4oquLl24x2VWV,Lefty Gunplay,76.0,Artist,North America
7tYKF4w9nC0nq9CsPZTHyP,SZA,92.0,Artist,Asia
4VHa48wXlsDA2vWfgIi7cX,Dody6,72.0,Artist,North America
6cUpFVxDYWed9WxtC4QgC5,Wallie the Sensei,72.0,Artist,North America
7J5UWTbsUFjoSQZQCQCqbQ,Siete7x,72.0,Artist,North America
757aE44tKEUQEqRuT6GnEB,Roddy Ricch,80.0,Artist,North America
4tuJ0bMpJh08umKkEXKUI5,Gracie Abrams,91.0,Artist,Europe
4V8LLVI7PbaPR0K2TGSxFF,"Tyler, The Creator",94.0,Artist,North America
2qoQgPAilErOKCwE2Y8wOG,GloRilla,83.0,Artist,North America
3DbwFQlvLxRSi2uX8mf81A,Sexyy Red,82.0,Artist,North America
55Aa2cqylxrFIXC767Z865,Lil Wayne,89.0,Artist,North America
6fqjJNsLs7g6F3PXy01Xnw,AzChike,71.0,Artist,North America
1HY2Jd0NmPuamShAr6KMms,Lady Gaga,92.0,Artist,Europe
0du5cEVh5yTK9QJze8zA0C,Bruno Mars,96.0,Artist,Asia
1iCnM8foFssWlPRLfAbIwo,Gigi Perez,82.0,Artist,Europe
50DchbKTiJU56SYmIRSJCI,Hitta J3,69.0,Artist,North America
1q2nUylEqrRJkiDkXa39Mw,YoungThreat,69.0,Artist,North America
27OdVby2oeFjM1C5XvC3hC,Peysoh,70.0,Artist,North America
3eVa5w3URK5duf6eyVDbu9,ROSÉ,86.0,Artist,Oceania
6qqNVTkY8uBg9cP3Jd7DAH,Billie Eilish,96.0,Artist,Europe
67FB4n52MgexGQIG8s0yUH,Lola Young,77.0,Artist,North America
1oSPZhvZMIrWW5I41kPkkY,Jimin,88.0,Artist,Europe
1Xyo4u8uXC1ZmMpatF05PJ,The Weeknd,96.0,Artist,Europe
699OTQXzgjhIYAHMy9RyPD,Playboi Carti,90.0,Artist,Oceania
46UMQ0cW8ToR8egkBRwAxZ,Cynthia Erivo,78.0,Artist,North America
66CXWjxzNUsdJxJ2JdwvnR,Ariana Grande,95.0,Artist,North America
74KM79TiuVKeVCqs8QtB0B,Sabrina Carpenter,94.0,Artist,Asia
4cPHsZM98sKzmV26wlwD2W,Brenda Lee,77.0,Artist,North America
4iHNK0tOyZPYnBU7nGAgpQ,Mariah Carey,85.0,Artist,Europe
7GlBOeep6PqTfFi59PTUUN,Chappell Roan,88.0,Artist,North America
20wkVLutqVOYrc0kxFs7rA,Daniel Caesar,87.0,Artist,Asia
38EmEgXkgK51MT2tPY0EoC,Bobby Helms,75.0,Artist,North America
5lpH0xAS4fVfLkACg9DAuM,Wham!,79.0,Artist,Europe
3y2cIKLjiOlp1Np37WiUdH,Shaboozey,80.0,Artist,Oceania
246dkjvS1zLTtiykXe5h60,Post Malone,91.0,Artist,Oceania
4oUHIQIBe0LHzYfvXNW4QM,Morgan Wallen,90.0,Artist,North America
5j4HeCoUlzhfWtjAfM1acR,Stromae,80.0,Artist,North America
6e3pZKXUxrPfnUPJ960Hd9,Pomme,78.0,Artist,North America
57nPqD7z62gDdq37US9XJR,Arcane,85.0,Artist,North America
2tIP7SsRs7vjIcLrU85W8J,The Kid LAROI,85.0,Artist,Oceania
33qOK5uJ8AR2xuQQAhHump,Teddy Swims,87.0,Artist,Europe
3l9G1G9MxH6DaRhwLklaf5,Oscar Maydon,88.0,Artist,North America
0ys2OFYzWYB5hRDLCsBqxt,Fuerza Regida,91.0,Artist,North America
22wbnEMDvgVIAGdFeek6ET,Benson Boone,86.0,Artist,Oceania
2sSGPbdZJkaSE2AbcGOACx,The Marías,80.0,Artist,Asia
77SW9BnxLY8rJ0RciFqkHh,The Neighbourhood,86.0,Artist,Europe
2RQXRUsr4IW1f3mKyKsy4B,Noah Kahan,86.0,Artist,Oceania
78F6Xkd46aMHkr4AP60TXY,Clarent,71.0,Artist,Europe
3E12tRURRvPfHz0hAMCFYc,Omar Courtz,81.0,Artist,South America
54seKvtsZauR1iauN0ptpo,De La Rose,79.0,Artist,South America
30Ml7nTMkXYyb0UoLwtmCc,Los Diozes,62.0,Artist,Europe
7iK8PXO48WeuP03g8YR51W,Myke Towers,90.0,Artist,Europe
5CiGnKThu5ctn9pBxv7DGa,benny blanco,79.0,Artist,Europe
0CVOcYvRcSvOXyuR4YGKaC,Dani Fernández,69.0,Artist,Europe
2tmrdVbpFzIVIOcqxvErj2,Los Sufridos,62.0,Artist,Europe
4F4pp8NUW08JuXwnoxglpN,Bad Gyal,75.0,Artist,Europe
0EmeFodog0BfCgMzAIvKQp,Shakira,88.0,Artist,Europe
37S0GFsBW73uqxGXNFeADJ,Ghost Killer Track,61.0,Artist,Europe
0VZrPa7mWAYXH4CwmYk8Km,Kidd Keo,72.0,Artist,Europe
0FwnPHExlRRxEZPLAi5tmG,JC Reyes,76.0,Artist,Europe
4RWJOoYwgF978LOn8Fainp,Yami Safdie,71.0,Artist,Europe
3SCOuAxngTC1yGjKMcIPEd,Lasso,72.0,Artist,Europe
0tmwSHipWxN12fsoLcFU3B,Manuel Turizo,84.0,Artist,Europe
3UTF2no3muGdiFXVujl94i,Kapo,81.0,Artist,Europe
5qPeAT4ikl6gJNUexAOEy0,Oques Grasses,61.0,Artist,Europe
6TKygPpVT29oGUogu4J9Ec,Yan Block,78.0,Artist,Europe
34PYzJSu4DHKEyhdBfsn0E,TORRRES,63.0,Artist,Europe
22dFwJoRBV51ue5TGnC7Dt,Beny Jr,77.0,Artist,Europe
2NeFajzkAQ4UfviWdzf0pK,Marta Santos,66.0,Artist,Europe
6XyY86QOPPrYVGvF9ch6wz,Linkin Park,93.0,Artist,Europe
1XSmez9xyCCPpOZp0uImwM,Rita Payés,56.0,Artist,Europe
6B1hSmaLdOvChinK2Z7gfi,Maisak,72.0,Artist,South America
2LRoIwlKmHjgvigdNGBHNo,Feid,92.0,Artist,South America
6k8mwkKJKKjBILo7ypBspl,Ana Mena,69.0,Artist,Europe
0AqlFI0tz2DsEoJlKSIiT9,Emilia,81.0,Artist,South America
790FomKkXshlbRYZFtlgla,KAROL G,91.0,Artist,South America
0ZHPrnImGh4re3TbSNkoZl,Beret,71.0,Artist,Europe
4az97MtWmBQ5Db3GfDh9j9,Morad,80.0,Artist,Europe
2CCgb0KApjfQDuTppovpf8,Rvfv,75.0,Artist,Europe
5C4PDR4LnhZTbVnKWXuDKD,Morat,83.0,Artist,Central America
5PlfkPxwCpRRWQJBxCa0By,HUGEL,78.0,Artist,Europe
0u6GtibW46tFX7koQ6uNJZ,Topic,77.0,Artist,Europe
7hQmAXAzWI6D350VTgkKTG,Arash,72.0,Artist,Europe
1IFAU4mznUcfPVP9z2c24N,Daecolm,71.0,Artist,Europe
2enhM5DK9oTxWiCVpFIDv3,Figa Flawas,61.0,Artist,Europe
1Yj5Xey7kTwvZla8sqdsdE,Cris Mj,87.0,Artist,South America
1U1el3k54VvEUzo3ybLPlM,Kali Uchis,86.0,Artist,Europe
6nVcHLIgY5pE2YCl8ubca1,JHAYCO,84.0,Artist,Europe
0WwSkZ7LtFUFjGjMZBMt6T,Dire Straits,78.0,Artist,Europe
4BnXLYKwUhFGUmYE5mPNox,Las 2K,55.0,Artist,Europe
6mQDo8xYI31LFjmhIsZEWg,Chardo Chardemio,55.0,Artist,Europe
3QqpGThGBmUjiYeF8biKlM,Melody Records International,55.0,Artist,Europe
4AK6F7OLvEQ5QYCBNiQWHq,One Direction,90.0,Artist,Europe
1x8mAhfvCw7JXRX7Ild0lF,Hey Kid,57.0,Artist,Europe
6i0h6wBrfNkdf3eTUoelpP,Malmö 040,58.0,Artist,Europe
7f5Zgnp2spUuuzKplmRkt7,Lost Frequencies,81.0,Artist,Europe
2txHhyCwHjUEpJjWrEyqyX,Tom Odell,80.0,Artist,Europe
5Y3MV9DZ0d87NnVm56qSY1,Tiago PZK,80.0,Artist,South America
7FNnA9vBm6EKceENgCGRMb,Anitta,83.0,Artist,Europe
1JbemQ1fPt2YmSLjAFhPBv,Chayanne,77.0,Artist,Europe
60ZOYUFnCYEeKYsxgvPxOS,Cano,71.0,Artist,Europe
3rIZMv9rysU7JkLzEaC5Jp,Snow Patrol,71.0,Artist,Europe
1bAftSH8umNcGZ0uyV7LMg,Duki,86.0,Artist,South America
4gzpq5DPGxSnKTe4SA8HAU,Coldplay,91.0,Artist,Oceania
6eXZu6O7nAUA5z6vLV8NKI,Little Simz,71.0,Artist,Europe
3wcj11K77LjEY1PkEazffa,Burna Boy,80.0,Artist,Europe
0jIWKlfmD4Ew7HeVVrq03g,Elyanna,71.0,Artist,Europe
7vXDAI8JwjW531ouMGbfcp,TINI,79.0,Artist,Europe
2V9MnjEMqwXm7sice07NQK,Diegote,57.0,Artist,Europe
4kcQWQDK0u9AftVSpdrAgk,Luck Ra,77.0,Artist,South America
5TP8Ubo4jLKEi4Mw2O8fAk,BM,70.0,Artist,South America
2OhUNb01gLwygOizYvTm0e,Big One,75.0,Artist,South America
2BTS8Np1YzPQuXjgdlqsBB,Emanero,71.0,Artist,South America
55ru5B05MMBunM1tvH7Di6,Valentino Merlo,74.0,Artist,South America
1FxPMQ9A0882eNDx3ZkD6B,La T y La M,71.0,Artist,South America
6Gsh7oJoJ5EQUuQk0EhfWL,Malandro,63.0,Artist,South America
1DxLCyH42yaHKGK3cl5bvG,Maria Becerra,82.0,Artist,South America
0ZCO8oVkMj897cKgFH7fRW,Los Ángeles Azules,79.0,Artist,South America
06Q5VlSAku57lFzyME3HrM,Ke Personajes,78.0,Artist,South America
4oZolC0sCwCAKqsNXfRlVS,The La Planta,73.0,Artist,South America
7yIp2QRLkQ6loIrupimiri,Pinky SD,78.0,Artist,South America
2Mt2vBBEckrvXtg0JldwZ0,Un Poco de Ruido,78.0,Artist,South America
5Qv1EsPany9Fc3yyCJnoxw,Uriel Lozano,71.0,Artist,South America
6HTUcOExehqydqa7C3usAa,Abel Pintos,70.0,Artist,South America
60XHOAhvEBiV6BGBOv8ClM,La Joaqui,73.0,Artist,South America
19HM5j0ULGSmEoRcrSe5x3,Milo j,83.0,Artist,South America
2UZIAOlrnyZmyzt1nuXr9y,Nicki Nicole,80.0,Artist,South America
3vQ0GE3mI0dAaxIMYe5g7z,Paulo Londra,79.0,Artist,South America
2Jb9jVnCpWkXtoGznFJ6bF,ECKO,66.0,Artist,South America
6QVEWdYtBkaJcboEtH5FeB,Los Turros,59.0,Artist,South America
2eXWodjj5K1vVq2CSjl036,DobleP,68.0,Artist,South America
1NtRGHzfJ8H7dENIXu1tdk,Cristian Di Marco,63.0,Artist,South America
04XdCDDrPnnqidaVBTOQjt,Hernan y La Champion's Liga,60.0,Artist,South America
6GRwwWAtmusrgAL5JF9Dfr,Callejero Fino,67.0,Artist,South America
7dlkBH23ERFXxuNoMHq94Y,Q' Lokura,75.0,Artist,South America
1QZuAtDYNrk2QMogJulsyq,Karina,66.0,Artist,South America
6iYRN5eaz8LSxvwkhmwkRj,j mena,60.0,Artist,South America
6LZA6PhNCwUfHzqfpN1nYL,Angela Torres,61.0,Artist,South America
7jAs1uPnpfNmT6e5qtEPxq,ATL Jacob,74.0,Artist,South America
3WMlRpW5JWuDI95TcEWt3r,Salastkbron,69.0,Artist,South America
5xIOUIBQhGFX7HIj8lhdyU,Omar Varela,71.0,Artist,South America
2x7PC78TmgqpEIjaGAZ0Oz,Trueno,79.0,Artist,South America
1H6X7yhnXZg73f9bssaj1Q,Judeline,70.0,Artist,South America
716NhGYqD1jl2wI1Qkgq36,Bizarrap,82.0,Artist,South America
4m6ubhNsdwF4psNf3R8kwR,KHEA,78.0,Artist,South America
7rFHoDuiSlV0DGHxckjm89,Lia Kali,68.0,Artist,South America
7CvTknweLr9feJtRGrpDBy,FloyyMenor,84.0,Artist,South America
2qWK8K2Jfh67UqtwY8tCW6,YSY A,77.0,Artist,South America
7fT2Me47PQ8T7954PKrcwR,Bhavi,70.0,Artist,South America
5Zk54wioCsUtq5ggUWXqlK,Tuti DJ,54.0,Artist,South America
0sE8WmITfzXJwYGdtbo8B0,Pereiraremix,57.0,Artist,South America
6UCQYrcJ6wab6gnQ89OJFh,Headie One,68.0,Artist,South America
6uzHLlGqFKaXYOnZyYmXYg,LOUKI,72.0,Artist,South America
0pelomsVlROuivdE2RgeDU,El Mago Y La Nueva,64.0,Artist,South America
7Ez6lTtSMjMf2YSYpukP1I,Dasha,76.0,Artist,Oceania
2FXC3k01G6Gw61bmprjgqS,Hozier,86.0,Artist,Oceania
69GGBxA162lTqCwzJG5jLp,The Chainsmokers,83.0,Artist,Oceania
3bO19AOone0ubCsfDXDtYt,Myles Smith,80.0,Artist,Oceania
40ZNYROS4zLfyyBSs2PGe2,Zach Bryan,90.0,Artist,North America
70kkdajctXSbqSMJbQO424,Kacey Musgraves,77.0,Artist,Oceania
2sil8z5kiy4r76CRTXxBCA,The Goo Goo Dolls,77.0,Artist,Oceania
0Y5tJX1MQlPlqiwlOH1tJY,Travis Scott,94.0,Artist,Europe
0C0XlULifJtAgn6ZNCW2eu,The Killers,79.0,Artist,Oceania
6kbR2eL4hecj3rFwGOsYsI,BL3SS,71.0,Artist,Oceania
20rKUmFZsfv9GBXiv6R9d6,CamrinWatsin,71.0,Artist,Oceania
2UNjfzEkfsdWVDwnuD6vdH,bbyclose,71.0,Artist,Oceania
4j96cMcT8GRi11qbvo1cLQ,Michael Marcagi,73.0,Artist,Oceania
08GQAI4eElDnROBrJRGE0X,Fleetwood Mac,83.0,Artist,Oceania
10exVja0key0uqUkk6LJRT,Vance Joy,78.0,Artist,Oceania
25uiPmTg16RbhZWAqwLBy5,Charli xcx,87.0,Artist,Oceania
06HL4z0CvFAxyc27GXpf02,Taylor Swift,100.0,Artist,Oceania
4gvjmrtzydbMpyJaXUtwvP,Addison Rae,76.0,Artist,Oceania
1WaFQSHVGZQJTbf0BdxdNo,Tommy Richman,78.0,Artist,Oceania
0PCCGZ0wGLizHt2KZ7hhA2,Artemas,79.0,Artist,Oceania
2kS9NyuATpYwjeB93h24H5,Nina Chuba,73.0,Artist,Europe
1E8mXBWN7AXZCOPYbOky4J,Jazeek,74.0,Artist,Europe
7rBed6Ya7Hwa2fXbh5btJE,LACAZETTE,73.0,Artist,Europe
3CJKkU0XuElRT1z8rEtIYg,Luciano,76.0,Artist,Europe
76dRoxKtDwYkgCQePok9cU,Miksu / Macloud,70.0,Artist,Europe
0JBdTCGs111JKKYfLqOEBa,Shirin David,68.0,Artist,Europe
3drqpTL4sQOckmAfF9i1wg,Summer Cem,69.0,Artist,Europe
72y6W9pGy97xTM44dwy3F6,BILLA JOE,63.0,Artist,Europe
7vohy1W7YNLxHynG44UFjS,Sampagne,64.0,Artist,Europe
7o95ZoZt5ZYn31e9z1Hc0a,Natasha Bedingfield,75.0,Artist,Europe
1SnSPHBs8l5iAvoWF0aO05,FOURTY,63.0,Artist,Europe
13bDjug9N0pyv3ZUINjkDV,Bausa,70.0,Artist,Europe
61vhXXSO0lkbxFvnXHx8QP,CHEKAA,60.0,Artist,Europe
5HK6QtizXJzCmoYTkvFRik,Ndotz,73.0,Artist,Europe
5p7mWeX4RlvqBCxylfiXdE,KC Rebell,65.0,Artist,Europe
11p2E654TTU8e0nZWBR4AL,Mark Ambor,76.0,Artist,Europe
0eVixEZVW2PB1UogwTWXc1,Berq,70.0,Artist,Europe
0wi4yTYlGtEnbGo4ltZTib,Shakin' Stevens,68.0,Artist,Europe
0rvjqX7ttXeg3mTy8Xscbt,Journey,76.0,Artist,Europe
5WUlDfRSoLAfcVSX1WnrxN,Sia,87.0,Artist,Europe
1fImPZoBVjmYrBFzCHh0N3,Souly,69.0,Artist,Europe
11kt6ggsdxvI8MhyeSMKom,CYRIL,80.0,Artist,Europe
49e4v89VmlDcFCMyDv9wQ9,Dean Martin,80.0,Artist,Europe
5ByAEWetNZ95GufzBSOkc3,fallen777angel,61.0,Artist,Europe
3JsHnjpbhX4SnySpvpa9DK,V,84.0,Artist,Asia
0xByDfltDVpk6LDsUMHyI2,Poshlaya Molly,66.0,Artist,Europe
4anb8rmk0xipuQP6QZ5IlH,FORTUNA 812,60.0,Artist,Europe
5xtbUYHaOycg6HIi10EZdV,FRIENDLY THUG 52 NGG,64.0,Artist,Europe
0TO6y1x0LQodwBnxGtQu9o,shadowraze,58.0,Artist,Europe
5NMwoStnfHT4LdETlJSwDT,Big Baby Tape,65.0,Artist,Europe
4jIvmo6hfAQ04NSOWPVVA3,кис-кис,52.0,Artist,Europe
5B5qmrbTFvA7TAxWruuwbo,Aarne,63.0,Artist,Europe
2hTmpvdwhpNZryOkwTisRW,Toxi$,61.0,Artist,Europe
6HaGTQPmzraVmaVxvz6EUc,Jung Kook,87.0,Artist,Asia
3MdXrJWsbVzdn6fe5JYkSQ,Latto,80.0,Artist,Europe
0qyv7OappGDi0OyJxcqpVt,KRISTIEE,53.0,Artist,Europe
5GTZUVrKf86Aco9LJQquxc,mapt0v,61.0,Artist,Europe
0oSMgGNMeXe3HJAXEJrqL8,YungMeechy,44.0,Artist,Europe
260kWe4y9lg7YFDsZBgsLv,zhanulka,55.0,Artist,Europe
6Tv4ZrZbgUMcXAMv0d1VQM,fleurnothappy,55.0,Artist,Europe
1jUPTaRiy2sOdOhvIEUosG,ENINA,52.0,Artist,Europe
2z20q6EEfm6w6PiIKsgtb3,FACE,64.0,Artist,Europe
0yp6xP5xe1qarfugfTixOK,Monetochka,59.0,Artist,Europe
0Kwx9LPnkelacgHzRI8vxl,Jakone,60.0,Artist,Europe
1EDrjPOlEjmbzjbet1DxTN,Kiliana,54.0,Artist,Europe
0E56Ncr2I37JQhW71UJALE,KRBK,62.0,Artist,Europe
6oiinpr7kwRmyWKVDTZgRT,AP$ENT,51.0,Artist,Europe
27kGBCjiz5OXojkKX4xQ6R,BUSHIDO ZHO,61.0,Artist,Europe
4h8pGxEIOi7j4me1yhYxlD,LSP,60.0,Artist,Europe
7K2PBAFUE98RKu30clhIms,Violetta Sokolova,48.0,Artist,Europe
3vvLuXEEf7sl3izJcw0GIn,Skryptonite,64.0,Artist,Europe
0P9E2MHee0cXNpIeAvFAt1,БРЕДИШЬ,50.0,Artist,Europe
6oTirjGdJPFt3hycC1Rfxb,Xolidayboy,52.0,Artist,Europe
0XNKQFs2Ewb3y0VsFUFc5l,MORGENSHTERN,60.0,Artist,Europe
56wiPFJN2Z1PG1N8hGNYaD,mzlff,58.0,Artist,Europe
0hAEtx2GQLtMTJj8qycHRr,xxxmanera,55.0,Artist,Europe
4uWhcZCwuPopf6JGvwsN2B,ANIKV,52.0,Artist,Europe
0ChMIwzbYxHbebgoPeETfV,Lida,57.0,Artist,Europe
5IS4dQ9lDW01IY1buR7bW7,СЕРЕГА ПИРАТ,59.0,Artist,Europe
7bI1v9NGBBhq8iGfytctni,Squirrel Flower,48.0,Artist,Europe
1nnaE1FllcW0TlDdPVmdPg,Scally Milano,58.0,Artist,Europe
3I9Bd4StaxvFWPG9AAjlrO,uglystephan,55.0,Artist,Europe
6iQqWcDg92kre5ykFLwqD8,Дайте танк (!),59.0,Artist,Europe
0GOx72r5AAEKRGQFn3xqXK,GIMS,80.0,Artist,Europe
1cKyknhftNKXCjMBd2hDrG,DYSTINCT,72.0,Artist,Europe
0LKAV3zJ8a8AIGnyc5OvfB,SDM,79.0,Artist,Europe
2loEsOijJ6XiGzWYFXMIRk,Adam Port,77.0,Artist,Europe
6XjgqvaVLUib6lCerbZrYD,Stryv,75.0,Artist,Europe
26WKgv73kRHD0gEDKD1i8j,Keinemusik,78.0,Artist,Europe
2yyaNPcdxZcn4iutCcLMaC,Orso,75.0,Artist,Europe
37lTKHi901VnwngQ7C8noT,Malachiii,75.0,Artist,Europe
3IW7ScrzXmPvZhB27hmfgy,Jul,82.0,Artist,Europe
3hWQDRr1PqwvnHeiZlucBq,Bouss,73.0,Artist,Europe
3zGV7t4BDmYZBLVA24487b,Pommelien Thijs,59.0,Artist,Europe
2F3Mdh2idBVOiMTxXoxc10,MEAU,60.0,Artist,Europe
0UF7XLthtbSF2Eur7559oV,Kavinsky,67.0,Artist,Europe
3QVolfxko2UyCOtexhVTli,Angèle,70.0,Artist,Europe
1xU878Z1QtBldR7ru9owdU,Phoenix,68.0,Artist,Europe
5oNWzcU0mYK1zDUxBGHIaG,Hannah Mae,62.0,Artist,Europe
5ncHUtKhiVsHlugFN0DCDl,MAKSIM,57.0,Artist,Europe
5MraexJKZDrQYzS98kNwie,Sevdaliza,76.0,Artist,Europe
6tzRZ39aZlNqlUzQlkuhDV,Pabllo Vittar,75.0,Artist,Europe
1QsdzIKkTT5gDFj8GB1cIX,Yseult,74.0,Artist,Europe
3TOqt5oJwL9BE2NG9MEwDa,Disturbed,77.0,Artist,Europe
5wCmhq5J2hPwL2r0eKurxn,cassö,70.0,Artist,Europe
5KKpBU5eC2tJDzf0wmlRp2,RAYE,80.0,Artist,Europe
5VadK1havLhK1OpKYsXv9y,D-Block Europe,76.0,Artist,Europe
07h4CCFmlXkwx0g4PL5Uuh,Guy2Bezbar,66.0,Artist,Europe
5eDdy8QxB47JsLASK2FI1m,Noano,58.0,Artist,Europe
5eir5zFJpES4j7gsymbVyl,Ronnie Flex,70.0,Artist,Europe
3JhNCzhSMTxs9WLGJJxWOY,Macklemore,78.0,Artist,Europe
5mZJerulcERBZV7xnhrVp1,Ryan Lewis,72.0,Artist,Europe
5BcAKTbp20cv7tC5VqPFoC,Macklemore & Ryan Lewis,73.0,Artist,Europe
4e0nWw2r4BoQSKPQ2zpU13,Ray Dalton,75.0,Artist,Europe
6ltzsmQQbmdoHHbLZ4ZN25,Lord Huron,78.0,Artist,Europe
0fTSzq9jAh4c36UVb4V7CB,Alex Warren,77.0,Artist,Europe
60df5JBRRPcnSpsIMxxwQm,Otis Redding,74.0,Artist,Europe
11oaKJc8rsz6x8YPVjca4X,Engel Montaz,72.0,Artist,Central America
0kwa5ELbi8xm7vbwywoLtg,Kuv507,64.0,Artist,Central America
0c0Yh1P4gMYmDwebhyzIDv,Latinnites Music,65.0,Artist,Central America
6XkjpgcEsYab502Vr1bBeW,Grupo Frontera,87.0,Artist,South America
5JMJt80HJWR1e4hMw63Z5t,Luis Vega,53.0,Artist,South America
1TA5sGRlKUJXBN4ZyJuDIX,Blessd,84.0,Artist,South America
3m5qlPf2OkihLz3dRYnkPA,Ovy On The Drums,82.0,Artist,South America
1r4hJ1h58CWwUQe3MxPuau,Maluma,88.0,Artist,South America
66ihevNkSYNzRAl44dx6jJ,Carin Leon,87.0,Artist,Central America
6ndLrsgT3MV5CNxIrW71fw,DFZM,72.0,Artist,South America
1vyhD5VmyZ7KMfW5gqLgo5,J Balvin,88.0,Artist,South America
7j6DKwmjbxvpQO8h914uEz,Ryan Castro,82.0,Artist,South America
4q3ewBCX7sLwd24euuV69X,Bad Bunny,96.0,Artist,Central America
1fctva4kpRbg2k3v7kwRuS,Rvssian,75.0,Artist,South America
1mcTU81TzQhprhouKaTkpq,Rauw Alejandro,94.0,Artist,South America
3ZpEKRjHaHANcpk10u6Ntq,Ayra Starr,78.0,Artist,South America
1dKdetem2xEmjgvyymzytS,Grupo Firme,82.0,Artist,South America
0dUyjgCyjfj5eMx6bX2TWf,FMK,69.0,Artist,South America
2jSGzJw0ebJLu7OLVSOcBP,Plan B,81.0,Artist,Central America
12GqGscKJx3aE4t07u7eVZ,Peso Pluma,93.0,Artist,North America
18dspUI6gqabm5XCC2RcUD,SOG,71.0,Artist,South America
5szJHKg5xeUlQ9pTqzdpic,Taiu,71.0,Artist,South America
0OTHm6AFLxgeTm0gHNOuWi,De Parranda,63.0,Artist,South America
3qsKSpcV3ncke3hw52JSMB,Young Miko,80.0,Artist,South America
0wdQR6Qd64uSVhNJy7M2F0,JAVVI ELIAS,38.0,Artist,South America
6aoGgTKGqtsjj48ymcNs4Z,MC Tuto,83.0,Artist,South America
6XX6KGpomRDPmGGm7bofCK,DJ Glenner,78.0,Artist,South America
3p7PcrEHaaKLJnPUGOtRlT,Henrique & Juliano,87.0,Artist,South America
6vTqEFbTtTRJsuIpzZgjxi,Grupo Menos É Mais,81.0,Artist,South America
7MiDcPa6UiV3In7lIM71IN,Gusttavo Lima,82.0,Artist,South America
5Dz2FizMLqV0Cr3c8uhEcF,MC Cebezinho,76.0,Artist,South America
1b8S7EPzdckRyIh0uSbOMI,DJ Oreia,75.0,Artist,South America
64DTkZLH6KkkMwZEEZ5VWC,Love Funk,75.0,Artist,South America
5InVWl8IZB8zFAoNa5roKm,Mc Kako,76.0,Artist,South America
59jlthNnbmim5l9tmNA7se,Maiara & Maraisa,80.0,Artist,South America
1DuBkL1pAgaZQHXKPiVr08,Léo Foguete,74.0,Artist,South America
5wbf52LA6kcaboHSN6NEF1,PEDRO SAMPAIO,75.0,Artist,South America
0nFdWpwl7h6fp3ADRyG14L,Marina Sena,71.0,Artist,South America
3hq7WoPJsrRP0KMSLhUgRz,Murilo Huff,80.0,Artist,South America
2CKOmarVWvWqkNWUatHCex,Ana Castela,81.0,Artist,South America
0xj9MJx9r0wO2o4aqdergP,DJ TOPO,73.0,Artist,South America
7me0S5Z40qVWj3gzyK8aC3,Mc Livinho,74.0,Artist,South America
70jpkgy5oGT4YjaGFpCpk7,MC LUUKY,80.0,Artist,South America
7wLAecYIgstxcjqe6JwT3w,DJ JB Mix,68.0,Artist,South America
5s27i7oqhNWIcE4HeoVdq0,MC GP,78.0,Artist,South America
2f8xoxornfSw6ePzgyM9NO,MC Jvila,72.0,Artist,South America
6XFc29m1ptfUNmaa1UTuBT,MC Joãozinho VT,78.0,Artist,South America
3UfwtvPZZea2HHwI23VtKP,MC Vine7,71.0,Artist,South America
75i9GaW2MJUgt4BkdUnuUY,MC Ryan SP,85.0,Artist,South America
2VTYSgPG0HoSZ4YMx7EeFj,Mc Duzinho SP,64.0,Artist,South America
6zGPa2tLMJ5HQYUddZI8di,Caio Passos,67.0,Artist,South America
04QHNiih9ZesPvals6II1h,MC Marks,77.0,Artist,South America
7IOSPo9oGCLWtDEZtmxgTi,MC Bruno MS,69.0,Artist,South America
2FDaBZt51fOXh2rbHL8Afr,Mc Magal,70.0,Artist,South America
48yaM25WLHmQZXx5NN3DYH,Aaron Modesto,67.0,Artist,South America
1elUiq4X7pxej6FRlrEzjM,Jorge & Mateus,83.0,Artist,South America
0JRPF8WIKUtSO2IUYfrcuh,Kaique e Felipe,68.0,Artist,South America
5kVgcCdPbeUwxBqWxi2Ktl,Luan Pereira,80.0,Artist,South America
6sW5k31iA8sTy0i2goUKF9,Oldilla,71.0,Artist,South America
6VOn8xBJH73S7DN8VBAoaN,Deejhay RB,65.0,Artist,South America
2Z0lRIqr997lIUiPtrpKCr,Matheus & Kauan,80.0,Artist,South America
1LIuN7ov1IBQDdLsU83ojl,Hugo & Guilherme,80.0,Artist,South America
41QLxRXlc2NwfJZkHGHKid,Israel & Rodolffo,73.0,Artist,South America
1mV9h1AwhRXSjBFcYpajgY,Mc Lele JP,71.0,Artist,South America
6VyttZwyEMGBl90oGdKCB8,MC Leozinho ZS,67.0,Artist,South America
6wduHvHCH5QZtWs6ULilDM,Henry Freitas,73.0,Artist,South America
0bg3fNpRQgZTCAg3Bseyly,Mc Th,72.0,Artist,South America
5ZfBThYiIIhL7jHMG8gDB2,Ferrugem,78.0,Artist,South America
1fUSLFr4WUBx7joEcGwpvG,Sorriso Maroto,78.0,Artist,South America
37mqXU98U5GmH5ZDtlHM1c,Matheus Fernandes,71.0,Artist,South America
6qrqAYlS6lUj2BVXax7SZW,Mc Jacaré,72.0,Artist,South America
0vLuOi2k62sHujIfplInlK,Hungria,77.0,Artist,South America
7gZu6kPnY9enEi5FvgTO4F,Felipe e Rodrigo,72.0,Artist,South America
7gHzR22tDNSWGS4HkvvPgw,THE BOX,66.0,Artist,South America
1SZXYhJz4sqEss888VmWLP,Mc Brinquedo,66.0,Artist,South America
1JJq541frMPfUIQiUoVrnp,Mc Laranjinha,67.0,Artist,South America
1X6ORK7IekgmyjV6IFPszP,Gustavo Mioto,76.0,Artist,South America
0i1s9WcIu0PrUvHzALgofo,Seu Jorge,70.0,Artist,South America
6mKwmTMzDrye9elc8JWiw3,Mc Leozin,69.0,Artist,South America
3Nipsl6GVwwGyeAk0J29C6,MC G15,67.0,Artist,South America
1tKrZaph4cLsnEdqC5BNEQ,Clayton & Romário,73.0,Artist,South America
5nP8x4uEFjAAmDzwOEc9b8,Matuê,81.0,Artist,South America
2eK9gcJQ6uqVvJL63dnOM3,Simone Mendes,77.0,Artist,South America
5IREutgMnyQqRcc8r15gWk,CountryBeat,68.0,Artist,South America
6YzSM19LzpLH0nVKKU6Jsy,Mc Daniel,75.0,Artist,South America
3CIIaeZuFYrAD6PRVyuO4U,Felipe Amorim,76.0,Artist,South America
2Y3kRJYYun9lDcRMM7ulQg,MC Bruna Alves,63.0,Artist,South America
6m6e7D2TnV0aYMllFFwMxu,Guilherme & Benuto,75.0,Artist,South America
7rXMvXRnWHaSwnVvPeUUfw,Gloria Groove,73.0,Artist,South America
6TYimByryGphZCtwYopH0y,Lauana Prado,78.0,Artist,South America
5tfvAC3ptwTnVXeNJ8qkYe,DJ L30,62.0,Artist,South America
5O30nI9WzhHuxqFZqReBQu,MC Thaizinha,62.0,Artist,South America
1mvpEXClANunyiHFtAXCxt,MC Rick,70.0,Artist,South America
2xOLGU5UNLV3KQSFteF8ZW,Boladin 211,72.0,Artist,South America
54DpD2uxqh2jQtstvXxCag,Deliverymusic,62.0,Artist,South America
4MQAbRFF5xtTAIYG8jzfZm,Dj L Martins,61.0,Artist,South America
5H2zqAv4kVidX9S98sanYa,GringoBeats808,59.0,Artist,South America
487N2T9nIPEHrlTZLL3SQs,Zé Neto & Cristiano,79.0,Artist,South America
6sEfX6ntbBxeWBLggUMyyq,Medi,50.0,Artist,Europe
3CcA9m1Ivpp5XmLt8SxUpn,Tedi Aleksandrova,47.0,Artist,Europe
2xZOjY3LYFt8mfHuBUOBwF,Silver,37.0,Artist,Europe
4vczAVLBVJzhMndKRCsQls,Djordan,48.0,Artist,Europe
1WOWylyMYTYIkDJmKLeSpQ,Dessita,46.0,Artist,Europe
39mjWoyHE5RMghSx70h7pI,DJ Damyan,45.0,Artist,Europe
1lxHE7dVKOVaIjGOIu8svG,Emanuela,51.0,Artist,Europe
1vAwQYTE1k5MBhNsvqphp1,Azis,54.0,Artist,Europe
2Dj0euYPa8eiI6Ee5VLBwg,Preslava,53.0,Artist,Europe
3Q71N3lHz2pijhljCNqOqw,Andrea,47.0,Artist,Europe
7Cg8hnSsmbfC6fxCykWYrh,Bilyanish,38.0,Artist,Europe
5f1C9EB4G4MrxxmWmZP5Wo,MOMO RECORDS,43.0,Artist,Europe
583wxBpo6S1maGz1bqYekZ,Selina,38.0,Artist,Europe
2M8DUpSnqu7TlGxEgjUocd,Danna,38.0,Artist,Europe
4v8n02xVhZK4CmdUAuipHn,Konstantin,49.0,Artist,Europe
7JLPN5CklYCRotAvFGw4Q1,Fiki,47.0,Artist,Europe
1UUQq3z2RCIqSE1eiP00Jv,Marso,45.0,Artist,Europe
21dDhxm6HACY7m7vzfInMh,SST,35.0,Artist,Europe
556XyBuO17TCo0Bviw5nCW,V:RGO,50.0,Artist,Europe
27m6NrJXMbLGlkoGBUy2IV,Boro Purvi,43.0,Artist,Europe
4oopAFtLdKXCoq2XoEjDZD,Krisko,50.0,Artist,Europe
5M7RMcbgYy45XzC51HU355,Galena,54.0,Artist,Europe
1nRdMIjXitRbmuhwGJopDK,Tzankǎ Uraganu,0.0,Artist,Europe
48MmYtebtmsS7LjcYwGBWk,Tomas,35.0,Artist,Europe
4AZihrM3P96d5mA9kvsxxH,Tsvetelina Yaneva,45.0,Artist,Europe
5amPFw5XVlNzP7uSKBXtai,Galin,49.0,Artist,Europe
6NtH0d4qlaU5FakRdrdNwq,SIMONA,44.0,Artist,Europe
4aPsL8sPDTXIR11gYfAb0i,Mirela,40.0,Artist,Europe
696J4fiOALx5ifVKv10VbK,Adam,40.0,Artist,Europe
29Hsg37sCbjeeCdDA0HIgt,Ivayla,34.0,Artist,Europe
4FTXvsvz433gZR67rhxFfN,Lidia,43.0,Artist,Europe
1cqkZpQniJhO3wvhxqVz54,Jordan,29.0,Artist,Europe
4CrkuFqKkCWd7pJTOaGxhX,Ork. Salih Hamburg,36.0,Artist,Europe
12a4KgFut39rBB8WjeN2oL,VANE$$A,39.0,Artist,Europe
5mNFpEfI0KApCz2Y88LYW6,Alisia,46.0,Artist,Europe
2lKSCvxuWDRCyImWLIXqre,Don Mario,33.0,Artist,Europe
64KEffDW9EtZ1y2vBYgq8T,Marshmello,85.0,Artist,North America
3oSJ7TBVCWMDMiYjXNiCKE,Kane Brown,77.0,Artist,North America
0fGcIStdT1OpFFhOC7Wp36,Teezo Touchdown,75.0,Artist,North America
718COspgdWOnwOFpJHRZHS,Luke Combs,87.0,Artist,North America
4GGfAshSkqoxpZdoaHm7ky,ERNEST,72.0,Artist,North America
4Gso3d4CscCijv0lmajZWs,Don Toliver,88.0,Artist,North America
2hlmm7s2ICUX0LVIhVFlZQ,Gunna,88.0,Artist,North America
7DXregrznS25AM30UY9sUU,King Savagge,66.0,Artist,South America
5CAruGjgds3QlF5ICtEnnc,Jairo Vera,71.0,Artist,South America
2IAxPmQzx2NuutHe7ta7gs,Bayron Fire,66.0,Artist,South America
11HepfI1lj6KJHj651rZhM,Lucky Brown,73.0,Artist,South America
7tMukTswF8N6b0zI4rlCmg,Big Cvyu,65.0,Artist,South America
35oGZihZclGoTVuICPXRP9,Jere Klein,76.0,Artist,South America
07WSqyexqFJM0ZeQVPqJJg,Mateo on the Beatz,69.0,Artist,South America
4fVe4Q8NDy3wog4lVZMlOX,EL MURCIELAGO,61.0,Artist,South America
1QcutbFtA6u8A2ZFTZuLSL,Panda Black,67.0,Artist,South America
6U574RAq08wVaurzSaqEY3,Lewis Somes,72.0,Artist,South America
1PANUPmT5KUDGs3Xgkhw3T,Martinwhite,62.0,Artist,South America
1djP5LHPEF9KvmoKJI0QPX,NEMJ,62.0,Artist,South America
4rRwh9ghjocFABAwIwnunp,Gittobeatz,64.0,Artist,South America
10VBp06W8NIgMW4JruLCC4,Kidd Voodoo,71.0,Artist,South America
2WcCTeyPFxpiGwlntz0X2V,Dysbit,61.0,Artist,South America
7hwlbJCUBQksiqlloB6x9K,Grupo Zúmbale Primo,65.0,Artist,South America
5NenY2Jl9wwLRxf86go4Y8,Fran C,66.0,Artist,South America
2OEZ0KKJrKXsRQ6hU9bbfS,Kevin Martes 13,55.0,Artist,South America
0x5lhIYknBUEozHuXjkwUs,Galee Galee,64.0,Artist,South America
22QaKKmBIH3QiotuG30W3o,Santaferia,64.0,Artist,South America
3dC19P4w1BbDuwCailjybv,Nes,68.0,Artist,South America
6w9ToX5slZ4uIdmD17hJ3c,Bryant Myers,83.0,Artist,South America
2XcZshqzPKm3iZcmt73R8D,Pablo Chill-E,73.0,Artist,South America
0NnUMWDCDi1snuMja6IdxH,Harry Nach,64.0,Artist,South America
6RhHQP5MQPD3waU29h43gZ,DJ Acres,52.0,Artist,South America
5cRpSxsBSMfrPgDuXDsys1,Prod Millones,51.0,Artist,South America
4WnChRKrzhukEIN00vy0s8,Axl Boore,55.0,Artist,South America
4yxLYO2imECxGYTTV7RQKb,Pailita,69.0,Artist,South America
1fIJZfSmqQkuqfKNRmrS1V,El Jordan 23,69.0,Artist,South America
7kvnG7JhX0ycVMVb8SP8EL,Bryartz,61.0,Artist,South America
6rHwFb0YjWexAYxTjm4eIj,Nickoog Clk,65.0,Artist,South America
2vnaEm73LHWfchNiQccNBa,El BAI,64.0,Artist,South America
5uwa6tAMMfNbBFIHiI6NV4,W Sound,69.0,Artist,South America
0dQUkvpKTvHbsTxXKcIN0S,Adan La Amenaza,60.0,Artist,South America
3i6lAgVHplDXb6zrjIeBeK,Kris R.,69.0,Artist,South America
1cUpGtXcSQsovNYEZOQgOG,Nanpa Básico,76.0,Artist,South America
7a0XAaPaK2aDSqa8p3QnC7,Beéle,79.0,Artist,Central America
2NfSBtmWe7oPw1EmetJVso,Boza,70.0,Artist,Central America
0zO8yNnw5GQgutcIyXfGBY,ELENA ROSE,72.0,Artist,South America
2xmhyxkjpGNBeWXVMeVWHb,Rayo & Toby,55.0,Artist,South America
7GQDI5Vmxs92RsIRZzYT11,Pirlo,70.0,Artist,South America
0x6LwydMMHwLVnyML3s4lb,Nicole Dier,35.0,Artist,South America
4LyGCVZ22bGCY4BaW04Uyl,Mackie,56.0,Artist,South America
1g9s0VQvScNH2eh7JCbzUu,R.K.M.,44.0,Artist,South America
3jGlU8UMMo44I2xeLQ6FD3,Dalmata,65.0,Artist,South America
2P5WbTImnPSJQV4ZbQuQZ3,Bimbo el Oso Mañoso,47.0,Artist,South America
5J5DLfdC5YmPjVk8ljdOqU,Big Metra,60.0,Artist,South America
3bkz7ccHi6jiOIag1UyKkE,"KIO ""El Historiador""",46.0,Artist,South America
3tLXPx5dsnZtsodGSf6t8E,Chris Jonex,46.0,Artist,South America
0eHQ9o50hj6ZDNBt6Ys1sD,Yandel,81.0,Artist,South America
1zng9JZpblpk48IPceRWs8,Grupo Niche,71.0,Artist,South America
28gNT5KBp7IjEOQoevXf9N,Camilo,81.0,Artist,South America
0GchaVw5KfSVEm0xl0OXEe,Luis Alfonso,67.0,Artist,South America
4SsVbpTthjScTS7U2hmr1X,Arcángel,84.0,Artist,South America
3SUT1jjM5hzZj9TLfLZGIP,Tego Calderón,73.0,Artist,South America
17SY5q1CMOZJBRuPcKWwPI,J Abdiel,71.0,Artist,Central America
4s6Xg38sbqh4xpf4OqhVUK,iZaak,75.0,Artist,South America
2cPqdH7XMvwaBJEVjheH8g,Jay Wheeler,80.0,Artist,Central America
4PPoI9LuYeFX8V674Z1R6l,Vicente Fernández,79.0,Artist,Central America
5lwmRuXgjX8xIwlnauTZIP,Romeo Santos,86.0,Artist,Central America
1qto4hHid1P71emI6Fd8xi,Aventura,82.0,Artist,Central America
4cG43cUBRJWWDsRh4SW48i,Viktor Sheen,71.0,Artist,Europe
721o1Z0J6jQupyzLt9RnEk,Yzomandias,67.0,Artist,Europe
6gvVFtkTV4OCyQSCzGgU1h,Nik Tendo,63.0,Artist,Europe
1jHpBumJuu1B6LCJQVh49x,SIMILIVINLIFE,55.0,Artist,Europe
6xg3PSVEwviVyfnx3mtsPL,Saul,56.0,Artist,Europe
52OGEbhmyukkdvJ6EDaLH1,Lil Buca Near,49.0,Artist,Europe
4Vmja4orT3sZ2F3x3DanBZ,Hard Rico,65.0,Artist,Europe
4V1v1oFnKe0b42lZh1QBnF,Ektor,65.0,Artist,Europe
19HPN1TcUQ4L5gPdRIELlr,Trabo,44.0,Artist,Europe
3qoxj1cR3W3crV51Wg38Ux,Dollar Prync,57.0,Artist,Europe
1gRr6moof50L1b7XsbClvI,Rytmus,56.0,Artist,Europe
3LujD0iQ9jRbSCMA39CGfO,Separ,64.0,Artist,Europe
5RWzjEjUW2NWpSm00Ieo5X,Peter Pann,57.0,Artist,Europe
3FgZ0agsmQ50Y9VflHdcio,Rohony,51.0,Artist,Europe
7eKgZc26opM9g5oRiOOwlu,Manene,45.0,Artist,Europe
2U1l35agymGrBDFeMIxVLG,Pil C,57.0,Artist,Europe
33ngpBQcfq53FgLhpBDt8i,Luca Brassi10x,60.0,Artist,Europe
5gRumjUBK1fHfuOlQxspJ9,ŠKWOR,53.0,Artist,Europe
5lEkQtWa3UKlI1hj7sktcd,Calin,63.0,Artist,Europe
5iYtjtFv6SvHX95ny4fVEz,P T K,64.0,Artist,Europe
1bpca6RQE5kp92pIwPMBE8,Ben Cristovao,61.0,Artist,Europe
2f1Czzz5n4BX80U6cksGr9,Kabát,61.0,Artist,Europe
28oxY7ZfDt1BJFf8FVfpEh,Robin Zoot,55.0,Artist,Europe
2ZHJEckf6HJXMSuD2icSSW,Sofian Medjmedj,57.0,Artist,Europe
7KjsjftPKKarTvZlawniPi,Marstein,64.0,Artist,Europe
1GKN1Js8fa19K23eIhOMhg,Annika,63.0,Artist,Europe
74HomvqoUecDcUPRespyqg,Suspekt,57.0,Artist,Europe
5FIdLxucf1EKqZfxeeXZzD,URO,57.0,Artist,Europe
4ZwOlDVAGXQo66ykbLQ8dP,Lamin,65.0,Artist,Europe
1d5Y2zrhRQ6R0plv652L67,Ukendt Kunstner,58.0,Artist,Europe
2eBqkaIfoNsOPCQCQEy5fD,Benny Jamz,63.0,Artist,Europe
2KbikmQKGiUPR2ARs1h0sq,Gilli,67.0,Artist,Europe
2dfY7zXIP61MKHtD175hFp,Noah Carter,57.0,Artist,Europe
7JoViNQIqOIaxcBswboN5d,Ankerstjerne,51.0,Artist,Europe
3pVuaUisHmRfVy53qWwmql,Daniel Schulz,49.0,Artist,Europe
3SyJZpVRYuncgXPtjAceOJ,Panamah,47.0,Artist,Europe
5Ppbc55kNdjvxP8Tw2P8S9,APHACA,52.0,Artist,Europe
2d7AMvzFwh5wUTuqQl3BAE,KESI,64.0,Artist,Europe
5RaTuqY7SJHvh6MNzMagut,D1MA,60.0,Artist,Europe
14nVYgOiwVBJIEATXIDYC8,Burhan G,58.0,Artist,Europe
6ohx0Iujh5kRkt5BibHlXj,Frida Brygmann,51.0,Artist,Europe
3elCsuJ1JjDeAd8mjlRRX5,Blæst,51.0,Artist,Europe
6xfKNngTw1zxViM96HSTCq,Mumle,52.0,Artist,Europe
7nCIXUCqZmxntAGJMyls5c,Svea S,49.0,Artist,Europe
1w2fVGZN37TieWhlqS8UwB,Tobias Rahim,58.0,Artist,Europe
3RYYha3CC7js2PHbcBHewt,ICEKIID,57.0,Artist,Europe
4ysmSq2N7badobfVT6YZ82,Gobs,59.0,Artist,Europe
3Tg0bQKDqc4ONwmKywDq72,MAS,56.0,Artist,Europe
3UaEtP4pJGDhyEzy47AMzl,Malte Ebert,55.0,Artist,Europe
5MCNh315T9Mi2yQTD4bYkn,Dos Santos,45.0,Artist,Europe
2GGL93jyTZ4X7uidHSJhIr,Kundo,53.0,Artist,Europe
1GLzVjVa7bLnAcD1At98j3,Omar,50.0,Artist,Europe
028xhPwqtWva4J0MkFHY2x,Mads Langer,54.0,Artist,Europe
0thQkzSyTo4l3zbpibZznQ,Hjalmer,51.0,Artist,Europe
0yqCOSZ1i0c49UUbE8AzbQ,Rasmus Seebach,61.0,Artist,Europe
1YwMnnHvnG64fJxYSVwmN6,Branco,59.0,Artist,Europe
1uNFoZAHBGtllmzznpCI3s,Justin Bieber,92.0,Artist,Europe
4ncaw2cfA3Wlly1tBD2eWt,Yailin la Mas Viral,66.0,Artist,Central America
5O5qjKWtduHgXxeEYbbSxz,Puyalo Pantera,60.0,Artist,Central America
4WzBqbc7fxl2y8XrznMSqf,Candelita,48.0,Artist,Central America
0TnOYISbd1XYRBk9myaseg,Pitbull,86.0,Artist,Central America
3OcvS8PzSGYMBvLdzY6g3e,Silvestre Dangond,69.0,Artist,Central America
6NVVcu2j3GlTJwVUnNh27B,Jose iglesia,47.0,Artist,Central America
03A4rAqMAxVwjkRIPZxZ9Y,Sacra Mr Melody,48.0,Artist,Central America
4VVEpEhC8NcR7AqNEds42U,Chimbala,69.0,Artist,Central America
7w0t8O8nbirfLvGJgKK0xk,Leo RD,62.0,Artist,Central America
3Z8i7zAQr7lPwH7pUQnlXJ,Kreizy k,55.0,Artist,Central America
7eUSP77ZhnXleSue48JWiT,El Blachy,51.0,Artist,Central America
5rlinmh5Y0p4zfMY5qngpX,Diamond la Mafia,45.0,Artist,Central America
4UcGO4hOufILa9qGd3KOCo,La Perversa,55.0,Artist,Central America
4lpMINWZQ39N9joHJFmgDE,Loco Prieto Oficial,46.0,Artist,Central America
30TfJAUX5Aeh7qKjyndmsO,Mapa Negro,52.0,Artist,Central America
2rMFPjySMqkgBajkLKL6zo,Lomiiel,68.0,Artist,Central America
2dHbjVgpO3NvzY8D7yZvji,Donaty,61.0,Artist,Central America
0L7AJNWmGtSjzASON8eTDW,Papera,57.0,Artist,Central America
1y8spb5Thg0p5ybNtdk4tu,Jezzy,59.0,Artist,Central America
6kq4GHwUcUojGIu0ziSNXf,Amenazzy,67.0,Artist,Central America
6GlX3FdCQrMftGfVaWcmPZ,NTG,65.0,Artist,Central America
5wJ6ampK4rbYM4QjhIbsGa,John Theis,45.0,Artist,Central America
7qYeIN2r4H1kBvr0Gm9Iav,Randy,69.0,Artist,Central America
44cW3xznP61BXbu0e7fgxn,Slayter,62.0,Artist,Central America
12lHTAdc9T204lw5qPtasv,Foreign Teck,63.0,Artist,Central America
0XXR1ghu7pFEcfdmhq52E9,Braulio Fogon,54.0,Artist,Central America
1f7FtdbdaRjeeOr0gK9f3L,Luis Brown,54.0,Artist,Central America
0b4EVanoJb8wkWF7QUA3uY,Sin Nombre,59.0,Artist,Central America
0B4uq7LA4vdVwFPDoOcVtw,Jey One,63.0,Artist,Central America
0tR60pwxQ5WKjPxQcKoCQ7,Messiah,62.0,Artist,Central America
0PPgD3dY7wrxsMe021mByK,La Mas Doll,50.0,Artist,Central America
2kF83E9c7WmW5XdqwUrJd2,Chocoleyrol,47.0,Artist,Central America
3Y9A8EQQtWU8RStiTlzErv,Jombriel,59.0,Artist,South America
1YZcJWydWAbSpknMUKtD9m,Alex Krack,55.0,Artist,South America
2wnVvfvSkFJbtOinte4sC3,Jøtta,62.0,Artist,South America
70nxnxEqDQIEWneRjg2Q4O,Adolescent's Orquesta,73.0,Artist,South America
27popMcDKX0XWFqlq4vTXZ,Sossa,50.0,Artist,South America
2Kw8bTqfGNAH3hOmR0aSsm,Bruno Marcelo,47.0,Artist,South America
2cXxHeHp70c1PDDo5h4Y9b,Rich Ibra,44.0,Artist,South America
4NMmc3Z7Yd8SJc0iSmEaZx,Vyse,44.0,Artist,South America
3b3OoVWsX5vEeuAg0TUlPQ,Joel The B,44.0,Artist,South America
0ehrcK1euZpC14iBSYtbgy,Hoppen,44.0,Artist,South America
60uh2KYYSCqAgJNxcU4DA0,Hombres G,74.0,Artist,South America
1Ts9of7VPZElwPQnqnDSfW,Lyanno,75.0,Artist,South America
1GKIlPFdcewHtpDVCQ8zmJ,Brray,74.0,Artist,South America
4IMgqWorWJUqUlbULGdoBa,Youssif Elashry,57.0,Artist,Africa
7yBuSjd5Z3w7acodk51evR,Afroto,60.0,Artist,Africa
33Dgas4QUk9jjh2TnolVwj,ONUY,51.0,Artist,Africa
5CSaIf8OAstAYE5oqQeS15,Magdy El Zahar,58.0,Artist,Africa
6mPZyiInAlfLGBJbX0echu,زاد,47.0,Artist,Africa
3mUUUQDWnVlttF1yERxmPQ,Ilmond,61.0,Artist,Africa
5764EiAfWT26wi1CdLcnwz,Shehab,59.0,Artist,Africa
5QKGejJMncXUNUb9pUFbEf,TUL8TE,63.0,Artist,Africa
2KJgliIl1dMyeOMyCcnYv7,Bahaa Sultan,62.0,Artist,Africa
5rCq30EbJ3DfZPKybGZj8F,Tamer Ashour,64.0,Artist,Africa
2PM82jOCB674w4BL08zFVS,Muslim - مُسلِم,62.0,Artist,Africa
4KGzrDuN7l1lrMNuio2fUe,yousef mohamed,36.0,Artist,Africa
3gCqbhXmiSto3R8U9YZcZM,Reda El Bahrawy,56.0,Artist,Africa
25P1GMgHepq6rkzRwg2DcB,Eslam Kabonga,61.0,Artist,Africa
4BKC2HOGEqtYz2Xbgp9N1q,Wegz,62.0,Artist,Africa
2GVksDv9UpY60i4CvytrZK,Cairokee,62.0,Artist,Africa
2iToE4LH0W9zs4hVw3A7m6,Mahmoud El Leithy,57.0,Artist,Africa
2KjiHtx0h8tyJXbg8aYRgu,Essam Sasa,65.0,Artist,Africa
5HczG7gdd89oDKY0CUyPof,Wael Jassar,61.0,Artist,Africa
2yV4zQzvNPMyHncf60u9sr,Lella Fadda,47.0,Artist,Africa
4o6vIkdmHiEXZOesrJj3KO,Abyusif,58.0,Artist,Africa
5LtHZB7vU02HtNoOzNcVhc,Ramy Sabry,63.0,Artist,Africa
5OssgJlERPHTqpgpwUh01O,Said Fatla,41.0,Artist,Africa
6bb9VI1PpPTEmdgcgjTppX,Mohamed Hamaki,61.0,Artist,Africa
15EdXJSvJSrjOGXsIimK0d,Ameen Khattab,56.0,Artist,Africa
0IiR4LJwslf6HBSdk9W3Dg,Angham,59.0,Artist,Africa
5OaC42gxOxSYgfmmSxe672,Farid,51.0,Artist,Africa
2N72bJ8IYB4KZmKmxz5Xkk,Hamza Namira,58.0,Artist,Africa
56chSp36PsMhpQvUn1kdR3,Marwan Pablo,63.0,Artist,Africa
57UiSuUcw9m0MV4bC2DukM,Molotof,52.0,Artist,Africa
63OMTYC88PAsd7ffM3ErQv,Muslim,50.0,Artist,Africa
4JhWEqWfwTQywn7lKkNWt5,Felo,48.0,Artist,Africa
5miyPYjh5EcpOSqloDJPID,Ramy Gamal,58.0,Artist,Africa
1bfl0AU8SqmLkElptOprhC,Julión Álvarez y su Norteño Banda,86.0,Artist,Central America
5eumcnUkdmGvkvcsx1WFNG,Tito Double P,91.0,Artist,North America
0pePYDrJGk8gqMRbXrLJC8,Luis R Conriquez,87.0,Artist,North America
6pV5zH2LzjOUHaAvENdMMa,Neton Vega,84.0,Artist,Central America
0elWFr7TW8piilVRYJUe4P,Natanael Cano,89.0,Artist,North America
6dLuQ5qXxIuWc5urxfIiZR,Calle 24,77.0,Artist,Central America
2rmkQLzj0k4nZdQehOUByO,Chino Pacas,83.0,Artist,Central America
33ScadVnbm2X8kkUqOkC6Z,Don Omar,84.0,Artist,Central America
7Gi6gjaWy3DxyilpF1a8Is,Junior H,91.0,Artist,North America
1pgDilWYDWLoOgGjf1iHNu,Zion,75.0,Artist,Central America
5lFhCi03HDneWzvCxGctrT,Jory Boy,70.0,Artist,Central America
4DYFVNKZ1uixa6SQTvzQwJ,Ken-Y,66.0,Artist,Central America
3LKXWvXFWrkwUzJWxzwVpW,Tony Dize,73.0,Artist,Central America
3TVXtAsR1Inumwj472S9r4,Drake,96.0,Artist,Central America
2a8z7MVhEtvZXFbgEE9ihL,triibupasta,38.0,Artist,Europe
5K9q3ogdUech17MWE2mqlL,White Girl,34.0,Artist,Europe
2cNMMulo6S2a0tHrwX2s6i,nublu,48.0,Artist,Europe
6kSiYWWt4597uZNH0Cpjig,maria kallastu,34.0,Artist,Europe
13ubrt8QOOCPljQ2FL1Kca,A$AP Rocky,86.0,Artist,Europe
6Xb4ezwoAQC4516kI89nWz,Imogen Heap,78.0,Artist,Europe
5vSQUyT33qxr1xAX2Tkf3A,Clams Casino,72.0,Artist,Europe
5nZADoZFWVB90dHpk5zvXy,villemdrillem,42.0,Artist,Europe
55I7E3FxDsnuRqr0sQSrMf,Küberünnak & Karmo,36.0,Artist,Europe
6TsAG8Ve1icEC8ydeHm3C8,Snow Strippers,68.0,Artist,Europe
4S18DTzCeExY2k5vi6rGWW,Florian Wahl,29.0,Artist,Europe
6acByqWJeuaM0TX5VoY6an,5MIINUST,46.0,Artist,Europe
6kvEy25jX5e1RtdFn1Eo3X,säm,43.0,Artist,Europe
0Y6dVaC9DZtPNH4591M42W,TV Girl,84.0,Artist,Europe
1QAJqy2dA3ihHBFIHRphZj,Cigarettes After Sex,87.0,Artist,Asia
4oLeXFyACqeem2VImYeBFe,Fred again..,78.0,Artist,Europe
5SXuuuRpukkTvsLuUknva1,Baby Keem,78.0,Artist,Europe
78rUTD7y6Cy67W1RVzYs7t,PinkPantheress,78.0,Artist,Europe
3jNkaOXasoc7RsxdchvEVq,Chase & Status,73.0,Artist,Europe
2SrSdSvpminqmStGELCSNd,Stormzy,73.0,Artist,Europe
2Pn8JMNrnRnSpNRPPgtiWA,ibe,61.0,Artist,Europe
6IKJyoGeFRCRDb90U6AEzp,Turisti,65.0,Artist,Europe
5m8QXFAKCuty66pOzy9aPZ,Mirella,63.0,Artist,Europe
0hVN0MWgK3oTTBoqBVSRwt,Sliki,57.0,Artist,Europe
1iRlPYW9AnnyLTPfy53Mj9,Ares,53.0,Artist,Europe
6lFrRAoT64zvrLiL1edMhk,Averagekidluke,63.0,Artist,Europe
3Lc2yroP05lRK5z9NtQTkc,Etta,56.0,Artist,Europe
2E93OTghhH2JKYUWt48gFK,AHTI,57.0,Artist,Europe
3aD9K1zaLQ3G7yp9XV5E4D,Isac Elliot,59.0,Artist,Europe
4cmLVUbkth6BauCptSGKsV,Lauri Haav,56.0,Artist,Europe
7meg3neLTT2WR1LDjL8jze,SANNI,52.0,Artist,Europe
0hidKEfknd2aNabseugaN2,SHRTY,53.0,Artist,Europe
1hIZRiy8VLKDzZSk1SyjvP,Korelon,58.0,Artist,Europe
5aF5rqONOxygQlthvJ5Wjr,KERZA,55.0,Artist,Europe
56fNXc6wRoO6rkxs0mNtL4,Kube,50.0,Artist,Europe
3kKa5RWsRwK2f5Xu2RHBB7,Jore & Zpoppa,53.0,Artist,Europe
2JSX0lIYekUp6F301cTHkq,Sexmane,61.0,Artist,Europe
3I4GcOB25cSJHa9d7Bsgji,costee,51.0,Artist,Europe
2zd9YxlsQvA5mkZ1NarYVQ,Miriam Bryant,64.0,Artist,Europe
0cv9YYFgE0vLVgTjMrOZup,Sara Siipola,50.0,Artist,Europe
0PyeoSEt7RQPbjuzy3JK9O,Ege Zulu,51.0,Artist,Europe
3bAa4FKwIgwWYHdaUJicmE,BEHM,54.0,Artist,Europe
5lrrAnWHek9LEQgB3MCfub,OLGA,46.0,Artist,Europe
4Q4b4S784htx6DtxcMUfMO,Robin Packalen,55.0,Artist,Europe
4yJlK8mRoESpFoPq3sOAi5,Tupe.,49.0,Artist,Europe
6LkMGN0t3HDNL8hIvma70r,Käärijä,59.0,Artist,Europe
5BTRN678gL6XT4kv3TBopQ,Costi,58.0,Artist,Europe
5ndSb0dw2ilXbSlUZ7Gm78,Juuna Chill,44.0,Artist,Europe
1p1Q1tRavrbMGCgJdf9G0H,Tomi Saario,45.0,Artist,Europe
3YC5DVJDjyazvB8hxJSybr,KUUMAA,58.0,Artist,Europe
4rL7vju2zGQGrzqkpzkwOo,koira,46.0,Artist,Europe
0LjFLVs8xGlfyPxUZrG5NZ,RODEO,33.0,Artist,Europe
4gl9wpGYA4o15ykU2FBnd3,Anna Puu,45.0,Artist,Europe
5H34mYQz0gLcqPWIOTyDaJ,Erin,43.0,Artist,Europe
69pjn3Oxt0azUYEw9NE4S0,Ida Paul,46.0,Artist,Europe
5tflzG5jjh0ka3SrnOgewO,Mikael Laurent,44.0,Artist,Europe
1fy2OEMI7TX9ayBKxErHK0,jambo,49.0,Artist,Europe
0C1YfsZSxVHgL0Z8bngOTM,Dr. Yaro,62.0,Artist,Europe
3vUMXQ9kPnZAQkMkZZ7Hfh,Tiakola,78.0,Artist,Europe
4acowSAiQXmdhs4DCgUQ0U,Ryflo,61.0,Artist,Europe
1eXXCUkwhu0MRLTamWEgXE,Oskoow,61.0,Artist,Europe
5Vf6gyVzfo8TnzrPRBg3qo,SANTA,62.0,Artist,Europe
6Te49r3A6f5BiIgBRxH7FH,Ninho,81.0,Artist,Europe
7CUFPNi1TU8RowpnFRSsZV,Niska,77.0,Artist,Europe
7x3eTVPlBiPjXHn3qotY86,KeBlack,71.0,Artist,Europe
4uJNQGa3L2frXDxwgouTIw,Franglish,69.0,Artist,Europe
26zgIfFyTCImkHAp5gwKW8,Joé Dwèt Filé,67.0,Artist,Europe
4v3iE7RK6SOyplsSQxZsjc,Yorssy,65.0,Artist,Europe
2GlEiSHYEKlq9cUYDa9oZb,Lynda,65.0,Artist,Europe
0PcU18DNfkn3pmbjy5yMFz,Genezio,68.0,Artist,Europe
3igykO7sW43wfhSjvnETTo,Prototype,60.0,Artist,Europe
2t0frJEIdex2PTwuLlGxDD,Carbonne,64.0,Artist,Europe
78iJ2FMbYAFY3djO4PbWZi,La Mano 1.9,69.0,Artist,Europe
6HCBnyTBSLdb3TFn2ayulY,Leto,69.0,Artist,Europe
5gqmbbfjcikQBzPB5Hv13I,Gazo,79.0,Artist,Europe
3YBJLs7RqR0aPGBgU27nDh,Werenoi,78.0,Artist,Europe
1AFQg3CpeciNbd120XZDmi,AMK,64.0,Artist,Europe
2YRHC9O0GHvyHY38yFP434,Dadi,62.0,Artist,Europe
3Cz37xnWAOtQEa5jfrTUbL,VEN1,65.0,Artist,Europe
5xfBWklmIwTOoijr3nMgHB,Ramos.,58.0,Artist,Europe
58wXmynHaAWI5hwlPZP3qL,Booba,73.0,Artist,Europe
7DUTsWY3RBd64vh8UtgtYA,Lacrim,72.0,Artist,Europe
6q87j1F6EtUxjlvkJNknFp,THEODORT,59.0,Artist,Europe
20JMfmzDb5cjHxEoMXXMyY,Favé,67.0,Artist,Europe
4IS4EyXNmiI2w5SRCjMtEF,Kendji Girac,65.0,Artist,Europe
5gs4Sm2WQUkcGeikMcVHbh,Hamza,74.0,Artist,Europe
6L8y2rKomt32RmT4wfwZS7,Jungeli,68.0,Artist,Europe
7CW7QdOgRStOg7JktRuZ3E,Imen Es,64.0,Artist,Europe
2z2TRvloJt4EfUNQp9rHAi,Alonzo,69.0,Artist,Europe
2jFnPm8VeSO19i6B8blXB5,Abou Debeing,60.0,Artist,Europe
5ZlyVrDhzKVvaZNj3b58fE,Lossa,63.0,Artist,Europe
2rEVnwCPBeGkWMv425KoG1,AYLIVA,75.0,Artist,Europe
1qQLhymHXFPtP5U8KNKsm6,Apache 207,73.0,Artist,Europe
39KEQQAG9JhIt71g9NEVhh,Azet,71.0,Artist,Europe
1aS5tqEs9ci5P9KD9tZWa6,Bonez MC,77.0,Artist,Europe
6h1s4i4XKIYv4ErDelLDN0,Samra,69.0,Artist,Europe
1pOuPivcxEwA8lnpMYYVsO,SHABAB,64.0,Artist,Europe
1yIifIA91WgmfzBcjbQB8i,Kurdo,65.0,Artist,Europe
3qcaaPlAej44awNYKTTXCw,BERDO,16.0,Artist,Europe
07SFzTMeYf5P8Rd32a9Zzw,AK AUSSERKONTROLLE,65.0,Artist,Europe
3NZPZUWDcJngcu8MuBpT69,KARDO,63.0,Artist,Europe
0PPCPsuv0iOAYKGR2SkFal,VOLO,58.0,Artist,Europe
6GoNVmYCl0yUm4pEp80vn6,badchieff,62.0,Artist,Europe
1ABhalCH6yn3eS3T46KmvF,bac,59.0,Artist,Europe
4hK7sEnm0se5bqoI3Yb5o1,SANTOS,60.0,Artist,Europe
4Yttlv9ndGjCDCVLqM7ACq,Sido,73.0,Artist,Europe
3F2BUPEkX9IDaRYAeJN0Gh,Amo,71.0,Artist,Europe
1xlPEhjbFqhrDjaAvyvueX,Safraoui,61.0,Artist,Europe
3ZuBEj9ppJe8GSdKaMTfMN,Nimo,72.0,Artist,Europe
0t84CBqmvihsUVFme33TLd,GReeeN,65.0,Artist,Europe
5j21TGkrNEAJe3gG9VlS34,Shindy,66.0,Artist,Europe
5pVRwX5ZQR7hfJ18w8ZYkl,Ufo361,75.0,Artist,Europe
3pjq2pDV9RR6VY55wBjVnp,Dardan,74.0,Artist,Europe
6x0pz3N2n51qG75kjMR4uV,Sicario,60.0,Artist,Europe
1yBH6dqnD6xzSeCjXp9pKm,Roi 6/12,62.0,Artist,Europe
3h3WR8UDyRk15U74xAXE7a,Arab,63.0,Artist,Europe
6Zx32XYdrM9A2rIt6jKVmm,ASOK,57.0,Artist,Europe
0cy6ZMOTeautXRNJsR6PiV,Ivan Greko,63.0,Artist,Europe
6WzxopGY3sy97IeNFaDELc,Trannos,63.0,Artist,Europe
5qDpS8QhKjNRZ6aRrcpY1Z,BeTaf Beats,62.0,Artist,Europe
6wN4QyhoM6fN49kEB25rnl,SNIK,65.0,Artist,Europe
6hyFvbMnKrLVujJZnovsWz,Marseaux,57.0,Artist,Europe
2bucjueNUx2aVTUA7zj6w7,APON,60.0,Artist,Europe
0ijA6WxysUZ8vZQL7JkUfx,Sanko,55.0,Artist,Europe
1zeAbUJAbLOWeYpgRVnYmu,FLY LO,66.0,Artist,Europe
7zYmrye7LvmpMkfHWrENu9,Mike G,58.0,Artist,Europe
3KcZf8BFeFBtnGyOZmUggd,Mad Clip,61.0,Artist,Europe
29Bl0nvClztM0dpgY2vvcc,Billy Sio,48.0,Artist,Europe
48h12D3cJbqfn1ReVL9qbw,Strat,60.0,Artist,Europe
6YYOTK6Qyv6PuFipPxCCoe,RACK,66.0,Artist,Europe
7AWAljMatr7bxddF4kWzXG,TOQUEL,69.0,Artist,Europe
7KcIok6StqYSedgtjmtsqP,Beyond,69.0,Artist,Europe
4rtNK25TiSGNcibilGWcQK,DIFF,57.0,Artist,Europe
1LxWE4LOhnqeaAx2tVUK6p,Saske,62.0,Artist,Europe
39E15l8zeCDYpSZwFNX4G2,Eleni Foureira,58.0,Artist,Europe
69EosSfMcqIxCMw7VeVPVC,LILA,58.0,Artist,Europe
6OBgaDVTONTa4rkGpE7sVE,Sin Laurent,61.0,Artist,Europe
5YquORfLTx6nWMlBzJstx7,Konstantinos Argiros,58.0,Artist,Europe
1UdbiTrv73Dp7F0s3OHmn2,Light,67.0,Artist,Europe
3qg78GGGWP04yTv0ZQMsXl,Anna Vissi,59.0,Artist,Europe
3J7SI1JrZt43ZBlH24IqCK,Evangelia,52.0,Artist,Europe
1pujt2kEecz5ystwtZxJ0w,Tr4cer,55.0,Artist,Europe
2xbrr6hwAzNT0fi0nZ0yJz,Brief Talk,43.0,Artist,Europe
4RTFt1VFxH6TYHIpVDCmpV,Onad,53.0,Artist,Europe
2KUhRrZ8gyki8zG4HJFDjN,Joey Evans,43.0,Artist,Europe
5XABVWdxtyuupsE2YUGrma,Baghdad,53.0,Artist,Europe
2oQftHHbzwW2lMNxh5W5iw,Ioannis,51.0,Artist,Europe
2ra3quFhImLyv0c9XTnWFl,Melisses,57.0,Artist,Europe
2wn1GEkgU8x5i1fstfxog4,Franklin WWT,46.0,Artist,Europe
6ITj5WewzBmhbCBS1jxY75,Rvchet,48.0,Artist,Europe
5svarA8QyRUWetgH9ZouQq,Sadam,55.0,Artist,Europe
1OJxI4NQfY6osMvhfRMMEX,Dof Twogee,69.0,Artist,Europe
2SabhGDiBSyaM6QSuBUVqB,Noizy,68.0,Artist,Europe
0vUcZVCNG7i5OV0zb8Icfw,Hawk,60.0,Artist,Europe
1RqOmrtivmvKrfBO81j1ou,Kidd,60.0,Artist,Europe
3jPN2U65cMPzvozEBue5zp,SIDARTA,61.0,Artist,Europe
4j3tjX98PWp21sE1XWIBt8,Danae,44.0,Artist,Europe
0WxSlQlue0fq99fXfGBmxA,Fy,56.0,Artist,Europe
2FTua3TeIGnmQQrN80DinP,Anastasia,56.0,Artist,Europe
4Rh80sXmcG4xDP1r6dTNiQ,Estevan Plazola,69.0,Artist,Central America
6Sbl0NT50roqWvy746MfVf,Gabito Ballesteros,85.0,Artist,Central America
7hDt3OE2ubsKzO9rMYPXox,emmanuellcortess_,67.0,Artist,Central America
5YqI7p8zYsOpKJtjxYdOce,Victor Mendivil,79.0,Artist,Central America
3p8PwzenE7ktd4BVFuQzMD,La Receta,74.0,Artist,Central America
5vV3bFXnN6D6N3Nj4xRvaV,Jin,86.0,Artist,Central America
4dqqy9z09htrVsRiJpoQmw,DESH,66.0,Artist,Europe
0zmW213tzA7NFv6ESRso7N,Young Fly,62.0,Artist,Europe
6EIriUxo7vznEgJtTDlXpq,Azahriah,65.0,Artist,Europe
7JOS2dpikWR1qxVZfLbKju,Pogány Induló,60.0,Artist,Europe
7MiVTMPyOXp6jr9H3mFHBb,HENN,51.0,Artist,Europe
3RDALl5RyRDHPryF1uyWwG,T. Danny,58.0,Artist,Europe
7nU1fhLUpYpzilqF5QkVdX,Fehér Krisztián,49.0,Artist,Europe
35BhE5C6szF898n5WgUSgO,Burai,49.0,Artist,Europe
5Zwlr28h134D0OzxzUfVCA,BSW,53.0,Artist,Europe
2dmFGufs1lJpgKnb5NyPNS,ByeAlex és a Slepp,54.0,Artist,Europe
2O9w0WQhGtr7oQWG6nUqh5,KKevin,57.0,Artist,Europe
5ALUgNuS421MZrrrAhM9Bv,Bruno X Spacc,55.0,Artist,Europe
0x57YRyWq4ke3e1Sd9E7SV,VZS,53.0,Artist,Europe
0Qld3F5Dr62sYbuivSzEMw,Mario,50.0,Artist,Europe
3PMRY3PR5xAe5UpRfPPuaG,Dzsúdló,57.0,Artist,Europe
5Y82XghASZwxaZGe7tJVUJ,Moriones,51.0,Artist,Europe
5hBCfYFEDK8otrksMYuzoL,Parno Graszt,50.0,Artist,Europe
1O4dvMoyQSIClCii6DSai8,Manuel,56.0,Artist,Europe
3T7cPgj4vAIoSdypl7cNH8,Tomi,39.0,Artist,Europe
0EQbKeNi7GXjfN2LndmReh,VALMAR,51.0,Artist,Europe
7veanrmdYNXRdmVxbsjSNh,Lord Panamo,43.0,Artist,Europe
13Et80WfHLQ1cBn2YTQ7Zd,ANUBII$,51.0,Artist,Europe
5x9gQC3VztdH5mQO5EEi9y,Beton.Hofi,57.0,Artist,Europe
4imSxhDqtkiuKUamV1AL2l,DÁNIELFY,45.0,Artist,Europe
6MBiPjSFsYijvVDtKDwVs4,Herra Hnetusmjör,45.0,Artist,Europe
0OCQtSY66ZM9xUUsuvjDXw,ICEGUYS,43.0,Artist,Europe
4jfe3cL8wzjPxD9CViP2dW,Aron Can,45.0,Artist,Europe
1tNJibl39hvCIVSnGaiwx5,Hafdís Huld,50.0,Artist,Europe
7FRQP6Ivwv3DQCLxpR3I6Z,Birnir,43.0,Artist,Europe
5fxRKBJNkss9n22ePnifL6,Izleifur,41.0,Artist,Europe
734Ea35ORu5chErtoqMMtU,Daniil,43.0,Artist,Europe
5h3hKwGlSCOjBjsMhMCWma,HubbaBubba,38.0,Artist,Europe
6100Rwk1ypJpElhvxSKju4,Þórunn Antonía,30.0,Artist,Europe
3hvKmeo12OU7ai8Mpgraf7,Floni,42.0,Artist,Europe
5A5hVxY3BogJUch1IUcuw7,ClubDub,36.0,Artist,Europe
6opz1Ax3VqCmeQBGax1erx,BRÍET,43.0,Artist,Europe
7rjcERw1K9oR9vtik3YSJN,Luigi,38.0,Artist,Europe
4ynaUZA4BVF6d2XaNuflVz,Ingi Bauer,33.0,Artist,Europe
6TBRY5HueSwE3yVgBIHcy2,PATR!K,36.0,Artist,Europe
4gdMJYnopf2nEUcanAwstx,Anuv Jain,77.0,Artist,Asia
05etL4pzWd6TSv1x5WrlG3,Faheem Abdullah,66.0,Artist,Asia
22UtphG4LcwxlhhV0aP4js,Rauhan Malik,66.0,Artist,Asia
6MPuzz9hPrs4TwxeHh4cEj,Amir Ameer,66.0,Artist,Asia
1SyKki7JI1AZNKwgNMkn25,Sachet-Parampara,72.0,Artist,Asia
1E6arsXf5Fgsnv9YpSzjpE,Parampara Tandon,73.0,Artist,Asia
3GBSge8pq7mpezUQl0GAOA,Kausar Munir,74.0,Artist,Asia
1mBydYMVBECdDmMfE2sEUO,Sachin-Jigar,83.0,Artist,Asia
4ojkMVHjuDZgDXSJy5qs2h,Madhubanti Bagchi,68.0,Artist,Asia
0NErdIJtuKBjtxKmlqaWdj,Divya Kumar,74.0,Artist,Asia
2fMqTqiTxUDlmcOEPaQSsx,Amitabh Bhattacharya,82.0,Artist,Asia
7uIbLdzzSEqnX0Pkrb56cR,Yo Yo Honey Singh,80.0,Artist,Asia
19LIHDDSHBD5NyYHI3gpzB,Shilpa Rao,78.0,Artist,Asia
4zCH9qm4R2DADamUHMCa6O,Anirudh Ravichander,86.0,Artist,Asia
4GISoVSxo2LkF5EyorXs9W,Ramajogayya Sastry,71.0,Artist,Asia
3PpjqSKBer3obW6lDflOBx,Ram Sampath,67.0,Artist,Asia
4YRxDV8wJFPHPTeXepOstw,Arijit Singh,91.0,Artist,Asia
7vCsTTACb2iT4fvBMnwp5w,Prashant Pandey,66.0,Artist,Asia
5VVN3xZw1i2qihfITZlvCZ,G. V. Prakash,78.0,Artist,Asia
1QvyquqkuuwUzdszyoKIy4,Haricharan,73.0,Artist,Asia
1rdQOMFFtoskDXXUVjiGo9,Shweta Mohan,73.0,Artist,Asia
3o7GGc9KjbLzTCwOq9WL55,Karthik Netha,63.0,Artist,Asia
1T7MiVJ2MJlR5GKi11w4VT,Pawan Singh,75.0,Artist,Asia
1eQsrFTW5NHQs1X7B0mImu,Simran Choudhary,65.0,Artist,Asia
2rN8LHqK4TBI7y3d9POvJb,Dhanda Nyoliwala,72.0,Artist,Asia
0qS0rxCY4YfrUx9GCTlDIW,Malaysia Vasudevan,68.0,Artist,Asia
4PY2xnTu90K0hvkgcljRJl,Deepthi Suresh,66.0,Artist,Asia
3UVLcqHc3pOMsWiZv2MeIZ,Yugendran Vasudevan,63.0,Artist,Asia
09UmIX92EUH9hAK4bxvHx6,Mithoon,75.0,Artist,Asia
2FKWNmZWDBZR4dE5KX4plR,Diljit Dosanjh,82.0,Artist,Asia
6DARBhWbfcS9E4yJzcliqQ,Karan Aujla,82.0,Artist,Asia
3nqS8jzqmsPKFJTp0BOIel,Ikky,73.0,Artist,Asia
4f7KfxeHq9BiylGmyXepGt,Tanishk Bagchi,79.0,Artist,Asia
1wRPtKGflJrBx9BmLsSwlU,Pritam,90.0,Artist,Asia
3tHD07u1ON4uHxmnT9rwqZ,Neeraj Shridhar,72.0,Artist,Asia
1gegc3MqXY9tE3SL0PyLKr,Dhrruv Yogi,63.0,Artist,Asia
5sifufajls8Q6k04Y4F8mH,Sameer Anjaan,69.0,Artist,Asia
5GnnSrwNCGyfAU4zuIytiS,Mohit Chauhan,77.0,Artist,Asia
5wJ1H6ud777odtZl5gG507,Vishal Mishra,78.0,Artist,Asia
6SWmwFBXIsxhIx5XPkYo0a,Josh Brar,62.0,Artist,Asia
0y59o4v8uw5crbN9M3JiL1,Badshah,78.0,Artist,Asia
183DgO92lAqgpVVNKI7ZKF,Raj Ranjodh,65.0,Artist,Asia
3ozYqVCLohfpXIhalkhM8D,Aditya Rikhari,69.0,Artist,Asia
0T1CMVkqffHlqEk4BcAph1,Tulsi Kumar,76.0,Artist,Asia
5TNSXFCNwlq2CfiMcNOCDP,Lijo George-Dj Chetas,67.0,Artist,Asia
5o36rLQd78Zh8CaT8rn59d,Shreyas Puranik,64.0,Artist,Asia
6k6TIai4KyKG1DeIMftSmJ,Siddharth - Garima,66.0,Artist,Asia
3iGhlvzpXc0UHBQ7klAItX,Mitraz,69.0,Artist,Asia
2DFCHTDIA0t638a4mm37dK,Raj Shekhar,67.0,Artist,Asia
5Z8nzSJRSo4HRcUOzemnC1,Juss,66.0,Artist,Asia
05dG9pMLRWenxzvSmefE6U,MixSingh,68.0,Artist,Asia
6WOdPJmexxFINcKMkP2jMG,Sachet Tandon,75.0,Artist,Asia
6q29t5RuXxlBuqIZsOMQss,Priya Saraiya,69.0,Artist,Asia
2cjQTf2J5yCaNY8qHpW855,AUR,68.0,Artist,Asia
4gzrZDyL5gYiROkv27pYKx,Varun Jain,69.0,Artist,Asia
5r3wPya2PpeTTsXsGhQU8O,Shubh,77.0,Artist,Asia
2oSONSC9zQ4UonDKnLqksx,Atif Aslam,81.0,Artist,Asia
3qpyErDI4i90q5EGgSRmNK,Raghav Chaitanya,67.0,Artist,Asia
7xcbCUOXrxDyWxbYxPq60B,Indraneel,62.0,Artist,Asia
1bTROl5p3rGTpvKeWnGgrw,Sohail Sen,66.0,Artist,Asia
2o4R2rK7FetH40HTv0SUWl,Monali Thakur,67.0,Artist,Asia
682M6cmwGHOyAB1ZmPv38W,Gurnazar,64.0,Artist,Asia
5aWkTGq5O45ES0fDFmN1Wv,Chet Singh,61.0,Artist,Asia
2UWTNi6LLK5lXNGzFWzIqT,Aparshakti Khurana,62.0,Artist,Asia
6jvvFfe34NYXjWZMz7rExP,Savi Kahlon,65.0,Artist,Asia
4xNgNFUMUuGCoy7IX74Y60,Mohammad Faiz,64.0,Artist,Asia
5gZhfbckaWo89OzDSk3gdT,Jaani,76.0,Artist,Asia
0m3D4grap8VFSzbJMqgNVk,Kumaar,74.0,Artist,Asia
0oOet2f43PA68X5RxKobEy,Shreya Ghoshal,85.0,Artist,Asia
6k6dimE4a6OFnD0HWmkIUW,Tochi Raina,65.0,Artist,Asia
5jJrJU7VVmxQQLcLAmmxXc,Sai Abhyankkar,64.0,Artist,Asia
139FRgoVcJ82jogPttiWcc,Sai Smriti,61.0,Artist,Asia
6LEG9Ld1aLImEFEVHdWNSB,AP Dhillon,76.0,Artist,Asia
74OaRjmyh0XyRZsQQQ5l7c,Jasleen Royal,72.0,Artist,Asia
3NHwwyb1coYa5cLyI72xSk,Dulquer Salmaan,63.0,Artist,Asia
2GoeZ0qOTt6kjsWW4eA6LS,Darshan Raval,77.0,Artist,Asia
00sCATpEvwH48ays7PlQFU,Jonita Gandhi,72.0,Artist,Asia
3dN9MQpjIyNxyeRfz4EDZe,Rochak Kohli,73.0,Artist,Asia
3nLLr3ShsQC2Hdrwjl14ie,Gurpreet Saini,63.0,Artist,Asia
47z98pKd71yIbgXwe9LPVC,Bernadya,82.0,Artist,Asia
0f6TyESD8E1mD2oLJ4TGv1,For Revenge,74.0,Artist,Asia
5Plk4JdCzMxhAHSRTEsxJp,Ernie Zakri,67.0,Artist,Asia
1lg1jqQMMJQQFFMnkxn0zV,Ade Govinda,67.0,Artist,Asia
7Gy1PxqrgsiqWF6JNYPHeB,.Feast,71.0,Artist,Asia
6X28gNASnalAWseUA8uI4X,Adrian Khalif,68.0,Artist,Asia
3tMTXQyRrPmMyHv5SoC0TV,Juicy Luicy,80.0,Artist,Asia
1v1khTmozNfxB2ET1Ep288,Last Child,75.0,Artist,Asia
16B3ICSQCPu4C6L5TEHXQe,Rio Clappy,65.0,Artist,Asia
6Sv2jkzH9sWQjwghW5ArMG,Lyodra,75.0,Artist,Asia
6YPfs6tdZXvnlzgZNU3SYT,Dudy Oris,67.0,Artist,Asia
53tuXn4uXfDqZYhAFMxZdt,Nyoman Paul,67.0,Artist,Asia
3wOsYKZM0zcKNasi3I7fP4,Mahalini,76.0,Artist,Asia
327ipGIr9bD3MkLb2eucqC,Suara Kayu,64.0,Artist,Asia
66NmU5epI0ONGmdCRbLpmW,Feby Putri,71.0,Artist,Asia
1JvbNeV9zG9Sew1JyaWsyx,Anggi Marito,65.0,Artist,Asia
20zafXaLhm5IcXnSU93rNn,Nadin Amizah,74.0,Artist,Asia
1WX2v0BiEW19Vw7xmznLdZ,Vierra,71.0,Artist,Asia
06QVnTCdjs4jPKO0487EGV,Fiersa Besari,70.0,Artist,Asia
51kyrUsAVqUBcoDEMFkX12,Hindia,77.0,Artist,Asia
1NjxFrpEGZTV2Ny0OJxeWu,Sal Priadi,70.0,Artist,Asia
0kw7tMniMnrp9Pcr7vgDAm,Stereo Wall,64.0,Artist,Asia
6UgERnTHmjk3qXM9x5vzyO,Nadhif Basalamah,65.0,Artist,Asia
4sEWznAKWWNcicTuLxzb6d,Nidji,69.0,Artist,Asia
1ZT1OfVAO3kpOEHVejBxV8,Meiska,65.0,Artist,Asia
2iDVt6mFbtbDEZG5ax0dTi,Tulus,76.0,Artist,Asia
5vTG3EyFrsARtIGDWZNRzu,Hal,66.0,Artist,Asia
4bAgr9zaF0bpzVGHdHuf0f,Virgoun,70.0,Artist,Asia
611ajYp7fMbkU5CYF08tje,Audy,64.0,Artist,Asia
6O74knDqdv3XaWtkII7Xjp,Boyz II Men,71.0,Artist,Asia
2dyCbip3jAVmQNAs7Sg8Y9,Vionita,61.0,Artist,Asia
4AhHkaGz7W2bKKJK90IaV2,Batas Senja,64.0,Artist,Asia
3DHOtJqv0Bw65ENlK4FiSF,Yovie & Nuno,71.0,Artist,Asia
4IWBUUAFIplrNtaOHcJPRM,James Arthur,82.0,Artist,Asia
1zNqDE7qDGCsyzJwohVaoX,Anne-Marie,79.0,Artist,Asia
0kPb52ySN2k9P6wEZPTUzm,Tiara Andini,74.0,Artist,Asia
6RoZip1Hn7ahR6MjzBKKLK,Mawar de Jongh,63.0,Artist,Asia
5L1lO4eRHmJ7a0Q6csE5cT,LISA,82.0,Artist,Asia
7Ln5yumFjHCkeZ8bAzHUcp,Yovie Widianto,68.0,Artist,Asia
4ubEZ6sMsrrbQChueyouCC,Hivi!,72.0,Artist,Asia
39B7ChWwrWDs7zXlsu3MoP,Sonny Fodera,71.0,Artist,Europe
7zAAwgV5Wqmvpb4GzvlRkP,Jazzy,71.0,Artist,Europe
0Cs47vvRsPgEfliBU9KDiB,D.O.D,71.0,Artist,Europe
4qU7IJSReZnsLy5907Mtau,Richy Mitch & The Coal Miners,74.0,Artist,Europe
5Ea0d3mUECVaMf8h2DTehE,Static,55.0,Artist,Asia
1Wq2STGiL7ZaIHAm5jMakc,ששון איפרם שאולוב,58.0,Artist,Asia
2LUB7PhWK2j2obgSTeD3GN,Osher Cohen,61.0,Artist,Asia
7lwdlhwSxbB36wqnOwo5Kd,סטילה,56.0,Artist,Asia
2ygecp3YQJwBHL7LNzDgwe,Ness,55.0,Artist,Asia
1IAEef07H0fd9aA8aUHUlL,Omer Adam,69.0,Artist,Asia
1wak0ZG1LUrZPYx8RDTQoD,Noa Kirel,55.0,Artist,Asia
28jEBK1RysfSUBHFofFflA,אודיה,61.0,Artist,Asia
3cDi1D2FHMVgljfdB1QVgr,Jasmin Moallem,55.0,Artist,Asia
7o5IkQicos4SrXeny1LOZr,שירז אברהם,48.0,Artist,Asia
2YHuWGXNWLmpBTKo1rQ3me,E-Z,50.0,Artist,Asia
0pv7p5CElqhjhzyPD4eXpe,ליעד מאיר,47.0,Artist,Asia
24HI9hevLjIQtj7xp2CeHs,Peer Tasi,59.0,Artist,Asia
36TG4OFhKuCHnTFCa6BEh7,מ',49.0,Artist,Asia
0WfHRTAUTncteWfXm917EG,ילד.,44.0,Artist,Asia
6VdxGMRiiFQhI8F0FkuQZg,Itay Levi,56.0,Artist,Asia
01r7peBt7lJhz42nE04rpM,ShrekDiMC,50.0,Artist,Asia
6uQl3gu1AIXyvqCAxnc2q4,Eden Hason,59.0,Artist,Asia
7MKSeamhiRpa0xiS4FHGSC,Kfir Tsafrir,42.0,Artist,Asia
3umXlcgiDTcCRkvPVobeJc,Hatikva 6,48.0,Artist,Asia
17pbOSPIn3lmY0vHhOlKGL,Tuna,57.0,Artist,Asia
1CD5WWtF6AFUq6BTY20I4k,Full Trunk,49.0,Artist,Asia
6ltKIf1bortd0DQbpgKdQu,Jimbo J,46.0,Artist,Asia
78u2puZeKJRYIfNHkx2Jdh,Hadag Nahash,47.0,Artist,Asia
0T0COcAFHD9oZ704HbZr2A,Shai Tsabari,40.0,Artist,Asia
2JQK9mzxqKz16lSgICHDTx,Ravid Plotnik,57.0,Artist,Asia
72UMGUwvrkXSesefytfLWy,Danny Robas,40.0,Artist,Asia
2PEMswqQspTSsAltdeF5kO,Simba La Rue,75.0,Artist,Europe
2iRUfXetAwNoxIN42BQ5hq,FT Kings,71.0,Artist,Europe
0hk4xVujcyOr6USD95wcWb,Sick Luke,66.0,Artist,Europe
25u1DN0MwQVSav4XoJS7hl,Olly,74.0,Artist,Europe
1A6HBLulvBFzNtlMb7b08f,Angelina Mango,67.0,Artist,Europe
4rj3KWaLAnuxgtMMkypZhf,JVLI,73.0,Artist,Europe
7GacyaFUp0qkEJglERX9N7,Alfa,68.0,Artist,Europe
396Jr76018oUMR6QBnqT8T,Cesare Cremonini,70.0,Artist,Europe
0lI3rF4hi4op6UxqlLHPzv,Achille Lauro,66.0,Artist,Europe
3yGA8yyowtKVXgNIXguMfz,Lele Blade,66.0,Artist,Europe
27LlKWxS3KXW7RRAxN5S8s,Geolier,80.0,Artist,Europe
58bdmuoVnCLzq3gqATaLLB,Dele,63.0,Artist,Europe
2jnjbAYKylrmBMCFZE0OCK,Poison Beatz,68.0,Artist,Europe
7K80yOTC0Id95gRaOxDG5u,ANNA,76.0,Artist,Europe
4w9mPW732RnZkoqsy3lRsg,Niky Savage,67.0,Artist,Europe
0jdNdfi4vAuVi7a6cPDFBM,Lazza,78.0,Artist,Europe
0EUR8jz8L936AEbV2Spkca,Kid Yugi,77.0,Artist,Europe
7cdIY4mDfM1dbjgl7s2fGR,Sal Da Vinci,61.0,Artist,Europe
6RdcIWVKYYzNzjQRd3oyHS,Pinguini Tattici Nucleari,72.0,Artist,Europe
76UCIJTB0jcJvBaL0CdIqx,Takagi & Ketra,68.0,Artist,Europe
3wDn3kW2zDRLnaQAnX0S3x,Dat Boi Dee,68.0,Artist,Europe
2pzFTbri7ew8mW2CbYpCNq,Astro,67.0,Artist,Europe
35V1WomiedCJeGfupcPm7s,Tananai,69.0,Artist,Europe
2K5nCggbhSZ00YCYP5qkZS,Shiva,76.0,Artist,Europe
3egWSWp7Y4FyCKIyvXbw7L,Ghali,71.0,Artist,Europe
7GgpsUpkj3olseoaTY7TEY,Elodie,66.0,Artist,Europe
11TplWqOPQBTmg2eiSLt1m,Tiziano Ferro,66.0,Artist,Europe
1rWg0CyGoCsRYYtpj5NC5P,Sillyelly,57.0,Artist,Europe
5Otk4eRecMMbC5YR4Iliou,Le-one,60.0,Artist,Europe
0ozb4x3nqp8fRb2WRgNKEn,Christian Liguori,58.0,Artist,Europe
55hqNIuyJgDQhJrW5NSfVk,Babywyne,53.0,Artist,Europe
1AgAVqo74e2q4FVvg0xpT7,Tedua,75.0,Artist,Europe
0EqkKYDK9EkKY5N7zU3FPv,Annalisa,68.0,Artist,Europe
6CKch2otN4SPznHf9ms5JF,Tony Effe,72.0,Artist,Europe
3AVx3OBPIk4pJQllAXoVs1,Gaia,59.0,Artist,Europe
5f7VJjfbwm532GiveGC0ZK,Lil Baby,87.0,Artist,Europe
2E6AK3UPEGCvjnzuygCh2h,Night Skinny,74.0,Artist,Europe
6PsQc21YZU7WNfiODG69Qk,Tony Boy,75.0,Artist,Europe
5SulO4l40qDuV9zUGLZx7n,Capo Plaza,76.0,Artist,Europe
3LvwPiJQJ0da0GurKMToV0,Baby Gang,75.0,Artist,Europe
1UjxAZqzphB1tsMb1aWBj0,Omega,65.0,Artist,Europe
1eBPcZCSWh1EAv0aOXusye,Higashi,65.0,Artist,Europe
2aiM1OfMODFLUXaQgEVPK1,Roberto Ferrante,64.0,Artist,Europe
2R4kNOwHUUsuDYhKsESVbF,Artie 5ive,73.0,Artist,Europe
6frLp49xcNeQN6QYYrbSw7,Glocky,64.0,Artist,Europe
3hN3iJMbbBmqBSAMx5veDa,Ultimo,71.0,Artist,Europe
3XTUciJcdix4GkO9YoBdtP,Holden,56.0,Artist,Europe
2IUzp4XydH7CtjqGwW2XiU,mew,53.0,Artist,Europe
23TFHmajVfBtlRx5MXqgoz,Sfera Ebbasta,78.0,Artist,Europe
06nvjg4wBANK6DCHjqtPNd,Mahmood,65.0,Artist,Europe
0gzwXezN4IUHAwLufA6YcX,Emma,65.0,Artist,Europe
5FEh6KHK99CyLXp3qFvZFM,CoCo,62.0,Artist,Europe
2GyLz0gcl3zDPPql47YWEy,Geeno,51.0,Artist,Europe
3AJSAtfY4qkm7DfGdCK9ne,D-Ross,0.0,Artist,Europe
4MR6tQyIrWK82b56cYPBDv,Ornella Vanoni,60.0,Artist,Europe
7CRwZOgk6IQ8Y6ABhwrpDN,Jack Sani,59.0,Artist,Europe
08ppjXEpROUgrG1X0DEquB,Nerissima Serpe,69.0,Artist,Europe
0vAALEhfbmllIOX1t7k5KU,Papa V,69.0,Artist,Europe
4QvgGvpgzgyUOo8Yp8LDm9,Mrs. GREEN APPLE,81.0,Artist,Asia
2VcWFvgGxVdma52qB5DSDw,AKASAKI,66.0,Artist,Asia
0pWR7TsFhvSCnbmHDjWgrE,Creepy Nuts,77.0,Artist,Asia
0IwZVmMMGE7nNXS7vN9SIo,MISAMO,69.0,Artist,Asia
6YVMFz59CuY7ngCxTxjpxE,aespa,83.0,Artist,Asia
5Vo1hnCRmCM6M4thZCInCj,OFFICIAL HIGE DANDISM,73.0,Artist,Asia
6rs1KAoQnFalSqSU4LTh8g,back number,78.0,Artist,Asia
3qQKrWwcqJlE4OS4e1ox7x,Kocchi no Kento,65.0,Artist,Asia
71UIOLnsacxQHlU55TvfiH,Da-iCE,66.0,Artist,Asia
71hQB5jxdNiHk5gzZRhicQ,Sonoko Inoue,59.0,Artist,Asia
63ylN6WBUUxxMsySiDmr0B,Omoinotake,61.0,Artist,Asia
2IUl3m1H1EQ7QfNbNWvgru,Vaundy,74.0,Artist,Asia
6wxfx1yhyqjCPYwwxJktR2,King Gnu,72.0,Artist,Asia
0ixzjrK1wkN2zWBXt3VW3W,Yuuri,71.0,Artist,Asia
1Y5vJqABeI6QI6R95EDV6o,tuki.,65.0,Artist,Asia
4XFkDALFTsSHVnRtJSsaMN,Number_i,71.0,Artist,Asia
4SpbR6yFEvexJuaBpgAU5p,LE SSERAFIM,80.0,Artist,Asia
6sX1XKgDIiAcVZof0SgWUe,Koresawa,63.0,Artist,Asia
64tJ2EAv1R6UaZqc4iOCyj,YOASOBI,77.0,Artist,Asia
36cgvBn0aadzOijnjjwqMN,ILLIT,77.0,Artist,Asia
0LOK81e9H5lr61HlGGHqwA,XG,74.0,Artist,Asia
4UK2Lzi6fBfUi9rpDt6cik,ヨルシカ,73.0,Artist,Asia
7AUc6z9aVJftqLkiWdQ1ew,GEMN,59.0,Artist,Asia
3KJigfhLjMfuE2HXsgXbln,中島健人,60.0,Artist,Asia
7mvhRvEAHiCTQHUnH7fgnv,Tatsuya Kitani,69.0,Artist,Asia
1snhtMLeb2DYoMOcVbb8iB,Kenshi Yonezu,75.0,Artist,Asia
38WbKH6oKAZskBhqDFA8Uj,ZUTOMAYO,69.0,Artist,Asia
72owWXEwmyfKq3ajrajPAN,Mega Shinnosuke,56.0,Artist,Asia
6mEQK9m2krja6X1cfsAjfl,Ado,76.0,Artist,Asia
5TZ0uM0InXX4LtI8hTsXlv,Bakr,58.0,Artist,Asia
6e7rMLAtwn5YRapc2iHAlG,Duman,43.0,Artist,Asia
3JLa8aXwsmX727vtb4bPUi,Asik,50.0,Artist,Asia
1e9PC6DAoGYlg0r6Q1VWcI,IL'HAN,49.0,Artist,Asia
2RntBZZLAjvQxQhOKHHhX9,Darkhan Juzz,45.0,Artist,Asia
7Ln80lUS6He07XvHI8qqHH,Arctic Monkeys,88.0,Artist,Asia
09cKncAQn28NqTUORLMwSR,Ariis,75.0,Artist,Asia
1nQdZyarkEApwhC24Ftdpk,Ulukmanapo,56.0,Artist,Asia
47UTUDCdtoo8P4YQAq9uFr,Sadraddin,53.0,Artist,Asia
7aNi4lXLvcdKjZGIVbzdmu,Қанат Ерлан,38.0,Artist,Asia
4CMquFsyU5t2qKaveFHv3B,Kazybek Kuraiysh,48.0,Artist,Asia
0Qy71aidwpN3kMH1fG8cJt,akimmmich,47.0,Artist,Asia
5Srmck3vhC1RB1hAhqUk3W,Turar,37.0,Artist,Asia
6Z6djJ1zi15vWmODy2Qt08,Nuricko,49.0,Artist,Asia
6XlJ3b8DflSGBQmAOd38aj,Bonapart,47.0,Artist,Asia
3wQNcarvRuzhz2Fg1pVDxZ,DJ ANXVAR,68.0,Artist,Asia
1nzIoHG5B7klgAPdwjqRDj,MC LONE,68.0,Artist,Asia
7ANOnrs1reQqbI9CGpQCQy,BALLER,43.0,Artist,Asia
6cT1f8NElnobV4XpJc6lWQ,Patron Hanzo,37.0,Artist,Asia
250b0Wlc5Vk0CoUsaCY84M,JENNIE,82.0,Artist,Asia
1pBLC0qVRTB5zVMuteQ9jJ,Lily-Rose Depp,77.0,Artist,Asia
1bYE7N4miu1B9YOETbsxc4,Moldanazar,43.0,Artist,Asia
5u6VEc0OwUChkBhYfAcSWS,LUCAVEROS,48.0,Artist,Asia
4GQp7nMuGPcy2EgiWV2GoK,6ELLUCCI,40.0,Artist,Asia
57vWImR43h4CaDao012Ofp,Steve Lacy,83.0,Artist,Asia
1x6BAYMOuypMaYEDC7cqU7,ARO,39.0,Artist,Asia
4ePAwakFZQ4jXFvuZQAQLC,Gianluca Gallo,35.0,Artist,Europe
6jAmGa0ssb0T7yCsDCvMvk,Fiņķis,37.0,Artist,Europe
7shMk1uQMXeODDEGmbC8IL,Patrisha,34.0,Artist,Europe
7Buj3BepqTe1ACFEa8x93l,Deniss,36.0,Artist,Europe
5IxWv5qXFhkzRt91O4i6gU,Sudrabu Sirds,45.0,Artist,Europe
3X4o7qy1ci4qtCVg2AtuXb,Singapūras Satīns,44.0,Artist,Europe
7u9HzYQPhBC92mdvpzGqu8,Wiesulis,47.0,Artist,Europe
6eG66XVFe7u2IX3NOmEX9R,sangvn,45.0,Artist,Europe
4qvH4YJ2ESxPSJ2sLMHxM5,OLAS,39.0,Artist,Europe
2cPtOqq7n3pjJF1XGiKM4I,Esmeralda,32.0,Artist,Europe
3SxmEaVKj3dXh5HsMzOQ8g,heywhosthatkid,32.0,Artist,Europe
2kCcBybjl3SAtIcwdWpUe3,Lil Peep,86.0,Artist,Europe
15UsOTVnJzReFVN1VCnxy4,XXXTENTACION,89.0,Artist,Europe
5p9HO3XC5P3BLxJs5Mtrhm,Djo,76.0,Artist,Europe
4Oa84NTjAiJwpRMRMnMqlY,A-Europa,28.0,Artist,Europe
7i2U71XuLFajkGpxuJWFDG,Adomas Vyšniauskas,45.0,Artist,Europe
0CinAWYkte8opxVAPI3nMu,Jessica Shy,53.0,Artist,Europe
3jfKIjYYnAfdUW40Uragnd,Free Finga,49.0,Artist,Europe
17IHT4KW6k85SHKiSAssQt,Rokas,35.0,Artist,Europe
2YLwIrzSnsbpBMKWzwu6JD,Monika LIU,41.0,Artist,Europe
6fuceMe1tElXcrzMaSjdcy,GJan,44.0,Artist,Europe
45gxkYJJ7Od6URk57yexCs,Rokas Yan,45.0,Artist,Europe
7o4wZjVHHWe4gw4oenPmcK,Evgenya Redko,43.0,Artist,Europe
53xjuOkCa7byXggNs2VZOw,Furytto,47.0,Artist,Europe
1vbYzdfRH2UJ72vbFKGZlm,Milana,30.0,Artist,Europe
6jx9UX4W6wVbifcN8U246U,Jovani,50.0,Artist,Europe
1S8GUDg4ojjbFAS2QAb6m2,Ledi Ais,31.0,Artist,Europe
7AczdBjiNUjo4pxVVucvw1,Vaidas Baumila,41.0,Artist,Europe
7HOmuShc6sajk74rYV7zR2,The Adventures Of Stevie V,67.0,Artist,Europe
314gEtVHpWMBWfExBpeBwz,Norbertas,36.0,Artist,Europe
0Y2zzjMum7MSOCvI0GNbv5,OG Version,50.0,Artist,Europe
56OLtN2Eqc3fMT40ehCj5d,Justinas Jarutis,43.0,Artist,Europe
3r5dCyf2TGWQreILEV6hCk,BIANCO VELEZ,44.0,Artist,Europe
4I3K5jXaeMhm3n5x8hsPWH,DIMA & LALO,44.0,Artist,Europe
5YGY8feqx7naU7z4HrwZM6,Miley Cyrus,84.0,Artist,Europe
3uSnvyMAFJTm7XkZJFo0xP,Insomniacks,60.0,Artist,Asia
1SIocsqdEefUTE6XKGUiVS,BABYMONSTER,79.0,Artist,Asia
4fVYwG8RsbJsREFFniszhf,Noh Salleh,56.0,Artist,Asia
0zo8fkOQyrawuBfIhy99jb,Hyper Act,55.0,Artist,Asia
3c0gDdb9lhnHGFtP4prQpn,KATSEYE,75.0,Artist,Asia
7hr9W3IjXcm3UlLY7guLk5,Henry Moodie,68.0,Artist,Asia
6FTLayBxjkQeanFdUusk1I,Fabio Asher,69.0,Artist,Asia
70NcAr4ZtA3FAqU16iQZSb,Dhruv,70.0,Artist,Asia
2uYWxilOVlUdk4oV9DvwqK,Mitski,84.0,Artist,Asia
30b9WulBM8sFuBo17nNq9c,G-DRAGON,73.0,Artist,Asia
4TEK9tIkcoxib4GxT3O4ky,KISS OF LIFE,76.0,Artist,Asia
5fS7aONqrIhiw6YzgKVOsd,Judika,68.0,Artist,Asia
0NlNru2YcUz6RbnpYGQz26,Clave Especial,75.0,Artist,North America
4yjm4SvYqC5FFuLbB6TyHr,Bellakath,74.0,Artist,North America
6BV37tKh6pY97mnNdTCzly,El Malilla,75.0,Artist,North America
3S9Hg7sRKhmtWunFZ2yAYP,El Bogueto,77.0,Artist,North America
6swtbYCVvjJIjCb5MWaIT2,Andres Castillo,66.0,Artist,North America
4HUY0hELnxz4RC6VvJzRyc,La Dinastia,66.0,Artist,North America
74mXQ4kCTwvcY9FtSrNm9c,Riky Produce,66.0,Artist,North America
7yCGrS6Xh3UngvY6Ad5sMJ,LEGADO 7,71.0,Artist,North America
163DQlpiiNqxgn2m4WsD3e,Kane Rodriguez,66.0,Artist,North America
0T8Ix53aIN4F7aEKj4EnKy,Jasiel Nuñez,79.0,Artist,North America
5bSfBBCxY8QAk4Pifveisz,La Arrolladora Banda El Limón De Rene Camacho,82.0,Artist,North America
4BFLElxtBEdsdwGA1kHTsx,ElGrandeToto,74.0,Artist,Africa
7DBIKXxSh2BMPqSN7UB4rS,Madd,60.0,Artist,Africa
5yviYTy79A8vuWF8iR6nPS,SKY,51.0,Artist,Africa
471CLfthkGwHrnegKOcTbx,Lazaro,52.0,Artist,Africa
0eLoiWLwWeaHGNkYke5G1k,Xcep,40.0,Artist,Africa
4PgPJfNYhFaHAV5C5dFhYS,Smallx,48.0,Artist,Africa
7vg7wkmGzMEM7p2ZkMPHJS,Figoshin,53.0,Artist,Africa
5Et8bRmkENeaA7SPwj1OxL,Shobee,46.0,Artist,Africa
7LC7LQ1f1CzaRLobFcblZN,Snor,50.0,Artist,Africa
0rqQfmTWtmxzlrNmnruQXS,Khali,56.0,Artist,Africa
5CtPAGoxpJ4yLJLx6CSrO8,Zamdane,61.0,Artist,Africa
76wDwepIombkHCdm0kas1h,Tawsen,55.0,Artist,Africa
2XgBaGUId4RuYzvXYEKikZ,Ayoub Anbaoui,51.0,Artist,Africa
2g8Pu5gVtDpkYGsP3RLepJ,Draganov,58.0,Artist,Africa
2QtIVRuCdO2a4RWyoF4ayb,Bilel Tacchini,55.0,Artist,Africa
5k63RPpkbbyVuufLXS2GTe,Delarue,54.0,Artist,Africa
3kd62SrugthLOzen7XmzG6,Douaa Lahyaoui,50.0,Artist,Africa
1H0D7p5aN8tGG8DPLt0Nbv,Lbenj,52.0,Artist,Africa
3IRAzpoLeNDGv7kqwNK3bp,7-Toun,54.0,Artist,Africa
0bmKQDkU4J3gUykZS8tb6v,LFERDA,57.0,Artist,Africa
25eYSizNX4BK5ZtqAq8pE8,Nouamane Belaiachi,47.0,Artist,Africa
6g4L5CJkiMINgAzUQsb7fr,Hassa1,49.0,Artist,Africa
3Fi4gBbVvIHrqEG9TGwRTC,Flack,44.0,Artist,Africa
6L7RfKlbIHQPxKbLizN9ts,Ali S,47.0,Artist,Africa
4vyibjuGePnrB7BzbHkA6u,L'morphine,57.0,Artist,Africa
1wAtSe79kItIb9nf5EhI2Q,Niro,65.0,Artist,Africa
5Do9u0GoN4gFn6Nk8NGDhh,Stormy,60.0,Artist,Africa
7douYKOyzk9ZRvGFu9UOnm,Mons,49.0,Artist,Africa
7wGBPJk6sHwRCozFfhU09F,Yves Berendse,63.0,Artist,Europe
3898xesz6JuQkpz7Kiu4uM,Emma Heesters,61.0,Artist,Europe
010ZclHHy7BrTO5AQ0xGgn,Hekje31,59.0,Artist,Europe
6uQiTAaIF0UBTED52UMcZp,JayKoppig,59.0,Artist,Europe
5aR7M98Z0H5SzbGOIfkIQt,Dior,59.0,Artist,Europe
0XlmgJDA7Zqoyyreep2YpT,J.FIZ,56.0,Artist,Europe
2vzRN2N10AtxEHaxSIN1NR,Ksix,56.0,Artist,Europe
79TBgzOALTo3GOcKl1Rn8k,Robert van Hemert,55.0,Artist,Europe
6YznhKZUZFVr418x7OUi3z,Roxy Dekker,63.0,Artist,Europe
2ylIKKdMukkuprCgY4ZDFE,Donnie,60.0,Artist,Europe
5kukvi4C18gvtXbDS1eKjQ,Marco Schuitmaker,58.0,Artist,Europe
7DOOGHZ6CXsF8bvNrnDE6W,Turfy Gang,57.0,Artist,Europe
2rYWceJ64fH5hw2XkXR7ee,Russo,56.0,Artist,Europe
6m1LYS5NQonxjOcQFPQOb5,Frenna,69.0,Artist,Europe
7eBiPPZezCgV5rrO5x47qf,LUNA,55.0,Artist,Europe
5GvMLzUp6tMBpaCbr903RN,Broederliefde,63.0,Artist,Europe
30mNTnmvPn3HwXA5dW1Iza,Racoon,61.0,Artist,Europe
70SvhGqakpocD7GxVYnnBC,Mensa,59.0,Artist,Europe
0Kwf0zcciIFGLCKiqNcO6Q,SRNO,65.0,Artist,Europe
0uBVyPbLZRDNEBiA4fZUlp,Froukje,60.0,Artist,Europe
1zT9SWCzN45r7oVhy0VYLK,S10,58.0,Artist,Europe
2YkP9pfIZ6hJKeuppuz8qT,Yade Lauren,61.0,Artist,Europe
6zEaCvF0CqEHs7kFyBkLHi,Mula B,61.0,Artist,Europe
31RYhg7Auitqp3eg9rTB9i,Milolaathetlukken,52.0,Artist,Europe
5adKMaYrGOMyOfnbiLPuHg,Jonna Fraser,65.0,Artist,Europe
7bTUZU8QavxiW0GtvEVP0M,Kleine John,54.0,Artist,Europe
3Ptyea6E1lJgg6W64f0OQa,Yxng Le,54.0,Artist,Europe
0MSYpagcvnSP2o91Ji2OCw,KM,59.0,Artist,Europe
5sBoNBXFMzoZjgHLbQueeG,Antoon,61.0,Artist,Europe
3AlRiyjMywTVNzTcHbf9QT,Lil Kleine,66.0,Artist,Europe
5yDkaiPTFbHGWCMXAEBt5Q,Kraantje Pappie,60.0,Artist,Europe
5qeFPM2PZUCzcpkY4e4RC8,ADF Samski,58.0,Artist,Europe
3IYUhFvPQItj6xySrBmZkd,Creedence Clearwater Revival,82.0,Artist,Oceania
0L8ExT028jH3ddEcZwqJJ5,Red Hot Chili Peppers,84.0,Artist,Oceania
7ohlPA8dRBtCf92zaZCaaB,Crowded House,72.0,Artist,Oceania
39T6qqI0jDtSWWioX8eGJz,The Doobie Brothers,71.0,Artist,Oceania
4YLtscXsxbVgi031ovDDdh,Chris Stapleton,83.0,Artist,Oceania
0UWZUmn7sybxMCqrw9tGa7,Juanes,77.0,Artist,Central America
1Kj6Km5IuLGKt2cxuhSgLm,Golfklubb,60.0,Artist,Europe
7lKk7yXNockkDjhb1GCeOy,Dizzy,64.0,Artist,Europe
23yPgzwt35lJyA3f8ayMfW,Philippe,55.0,Artist,Europe
7krakxeyEmge6pzTthKNyg,Bausa,53.0,Artist,Europe
0elSJZFrHnayc7AUCkbWAl,Pasha,45.0,Artist,Europe
4OL8M4X2h0li7ThNulTjmx,Problembarn,50.0,Artist,Europe
7GgWpPrcNYH90st7I3nJtv,Ballinciaga,57.0,Artist,Europe
6ca1Pm4bp04bPJF1dfhmqu,DJ MøMø,48.0,Artist,Europe
0TW5M8RYADmgeCP1q523hf,Kjartan Lauritzen,47.0,Artist,Europe
6Lu4e8FvAWcp1S5BVoDLjJ,Aiba,46.0,Artist,Europe
0l2QmwUY1pWAjK8RcoXQ2v,Sleiken,51.0,Artist,Europe
2bLUPXEzgA4BRIZCk2x1Pi,404,44.0,Artist,Europe
2QkG2LM1QO37UTojXXTCvB,Roc Mul,48.0,Artist,Europe
09qHO1fFJ6iIeTuCjO7Bfa,Roc Boyz,61.0,Artist,Europe
5N9d9BMxodykFktDttHERD,Ari Bajgora,52.0,Artist,Europe
5tdUPxmXm8l09CGFHOyRSa,Kaja Gunnufsen,41.0,Artist,Europe
7y4tvVGuB9WTDQwTj3ueu7,Kulturaften,43.0,Artist,Europe
7wRXf1DelGyBsmOj5hnOum,DJ VLADI,45.0,Artist,Europe
4JgV7rrIlfSvZYnlAwOblk,KNEKT,43.0,Artist,Europe
3is2frns7nVQwNYdaJ5N2N,Ane Norum Kvistad,41.0,Artist,Europe
3b7i9BNL3DBMl1fXy4kayt,BlimE!,47.0,Artist,Europe
2veUQvo0k7rk3TI5l0EnIi,Metropolen,38.0,Artist,Europe
3scNK8e4mqnP6Rb8a3lwZY,Maanu,60.0,Artist,Asia
1nCZUpBIcyOxufOx0lPeIW,Annural Khalid,59.0,Artist,Asia
1Bz46nDCMO1UOKp9GJjL92,Zeeshan Ali,50.0,Artist,Asia
6gIqKYKRmltKfkTnxhMv8V,Hasan Raheem,61.0,Artist,Asia
1n6pjRJkTY5v8RtUCAv5pi,Umair,71.0,Artist,Asia
6QoCrBHsojKnOrsGNfRcTN,Talwiinder,66.0,Artist,Asia
4wOKfu3A61gCA7lWEynNoe,Jevin Gill,52.0,Artist,Asia
69xcFpmqTOmFNOL08Bxyci,Talha Anjum,72.0,Artist,Asia
5Us2dsq4VHlfLbKOrskg7K,Mxrci,70.0,Artist,Asia
7GquqOIWZX7FNjsUYNjOKy,Ali & Shjr,45.0,Artist,Asia
2URzIJH7QfPgMAEPErd0cC,Ali Raza,45.0,Artist,Asia
485dW6YyuxW3kpnWmuFnnv,Shajjar Hussain,45.0,Artist,Asia
1gcHKvKKZtEccnyXYlSvP5,Abdullah Maharvi,51.0,Artist,Asia
0VAIiNSKG4DWkSaIy5qWz1,Prabh Singh,59.0,Artist,Asia
47SaOSOqcrxSJNZUuqpLuu,Jay Trak,61.0,Artist,Asia
54E3dYx7RpaGZaDVXJTWjr,Rooh Sandhu,60.0,Artist,Asia
5DHi2MeoRgAwPE0A0qwRMl,Gurinder Gill,70.0,Artist,Asia
0OS0NZnK7TGIAWx8MkWNFN,Intense,69.0,Artist,Asia
7frYUe4C7A42uZqCzD34Y4,Sultaan,65.0,Artist,Asia
5TvdGhdmRObqOkU6eGfXb5,Preston Pablo,61.0,Artist,Asia
7hHDO4bJGlEaEHlY2lj1eZ,Bilal Saeed,63.0,Artist,Asia
4qjiRRFcM4WZ0aJ3IHdWPN,Avvy Sra,68.0,Artist,Asia
5mWQT8CLTa4mAQAJdFjHb1,Abdul Hannan,61.0,Artist,Asia
01pFDtbY3k5uOmy0Pbg93C,Rovalio,59.0,Artist,Asia
3R1penrqtuKNTeWABjKT5N,Bir,55.0,Artist,Asia
3SQVNBF31sOSgXeXzkGW9M,Dhanju,55.0,Artist,Asia
54BjV0qctcWp8xOip7uaJD,thiarajxtt,68.0,Artist,Asia
2Up4MLmBYIJV36ymeT44TF,Kinza Hashmi,49.0,Artist,Asia
2sWf9Tj6EsTxURcgil3NTG,Greg Kurstin,60.0,Artist,Asia
1yMP2gzEFgUkib4khXN6hi,Taimour Baig,59.0,Artist,Asia
7rEwKApsZMo8cXVxAndmvD,Raffey Anwar,56.0,Artist,Asia
01PyusFVbXgoD5Kl1mR8CC,Young Stunners,60.0,Artist,Asia
3mGW1eoqwNtCxd8R3hIOM5,Talhah Yunus,64.0,Artist,Asia
1qyXgLYCg0osV4glEYuQIv,Danny,60.0,Artist,Asia
1uY9B9QroF5K8wPyeEO1QN,Sagar,68.0,Artist,Asia
3atMq790wQ7IqjeSO0HFeP,Bayaan,55.0,Artist,Asia
71DQO8pgnTwS3lNCq0cDcr,Valentino GRM,54.0,Artist,Central America
5A0VwTrVvV03LMeBZYT99d,SMILE BEATS,52.0,Artist,Central America
6oYwraA8pyfDH4Otny6ooZ,BARBEL,58.0,Artist,Central America
6g6DtbtyBi3Ir0mxiDlouJ,Nerry Money,49.0,Artist,Central America
4ebruhG8pei8qFQOfNxxLs,LH,45.0,Artist,Central America
57GVeZvmrO7oCLm0Uacrjy,Robi Guid,45.0,Artist,Central America
77ziqFxp5gaInVrF2lj4ht,Sech,81.0,Artist,Central America
39GGxIMwluX0usfj3E1IhJ,Lh Da Produzza,34.0,Artist,Central America
6GKbEjuVNKuuAKetDXA2Mi,Key-Key,64.0,Artist,Central America
1i8SpTcr7yvPOmcqrbnVXY,Ozuna,87.0,Artist,Central America
4dlXeMiq59ilk4DUppR5rf,Elty,34.0,Artist,Central America
4YcotSTsnWhSSizEgJlH5k,Don Pablo Mures,35.0,Artist,Central America
3r0UTZrNnAhbXmmfF91TD2,El Yeyo PP,32.0,Artist,Central America
5H1nN1SzW0qNeUEZvuXjAj,Danny Ocean,79.0,Artist,South America
0ghH5fsPlkf2XIALKJNSsb,JEYSON,50.0,Artist,Central America
4I8dxVJ518Fc8xqfIilTeU,Josuan,38.0,Artist,Central America
3k7FDxixhDQYNuxOtiN7jl,Lalo Y Los Descalzos,60.0,Artist,South America
1eIYP01ZLPKEExhcV6xFgt,Grelo,72.0,Artist,South America
2R21vXR83lH98kGeO99Y66,Anuel AA,89.0,Artist,South America
3exLluFM1Apoq5gnsdagNj,Banda Tava'i Oficial,46.0,Artist,South America
3JgxYKorIJ2z5QIRSCsfMw,Jorge Acosta,53.0,Artist,South America
4VMYDCV2IEDYJArk749S6m,Daddy Yankee,88.0,Artist,South America
21451j1KhjAiaYKflxBjr1,Zion & Lennox,78.0,Artist,South America
329e4yvIujISKGKz1BZZbO,Farruko,84.0,Artist,South America
3E6xrwgnVfYCrCs0ePERDz,Wisin,76.0,Artist,South America
52iwsT98xCoGgiGntTiR7K,Quevedo,86.0,Artist,South America
1WUEWZGTvX4AjC2y5PoSDd,La Única Tropical,67.0,Artist,South America
2fuu7gBnfDhgJNt1Yr4ERu,Pascal,52.0,Artist,South America
1chOgh5tgwfiyJ2zhUHwBj,Dionela,75.0,Artist,Asia
3z0IVhtuFvt9VYUZGT98PU,Jay R,68.0,Artist,Asia
6AvnL2gWjNYs1hRVJx4huK,Maki,72.0,Artist,Asia
6rTxLeff3t3rivZ3rabRpw,Robledo Timido,64.0,Artist,Asia
6zO1dZ40fTZ5hY9NnnRJSk,yung kai,69.0,Artist,Asia
0WleeEe3UurwlNbDGhb5Yz,ALLMO$T,63.0,Artist,Asia
3wbCeEPAW6po7J46netxMT,Up Dharma Down,68.0,Artist,Asia
7LvDTuFCBv08xm6u1pOMK0,TJ Monterde,73.0,Artist,Asia
1mcqfNCReSFxun2vIWvC28,KZ Tandingan,66.0,Artist,Asia
7uDdl5V5AETSFY7K3muu22,Arthur Nery,73.0,Artist,Asia
61nn6nOoLWjVC1ER2qFAvN,Cup of Joe,72.0,Artist,Asia
09Xydf4dlkr29dH99DmsvQ,Janine,65.0,Artist,Asia
1hMAGfvamVXuSWBFQRFMeq,Over October,62.0,Artist,Asia
5GVk1KCKa1tdHRev4bMw7V,NOBITA,63.0,Artist,Asia
1DlYnIiliftt6R21Y5NOW2,Adie,69.0,Artist,Asia
4qPhnQfRgdgcZEdXgENOnr,Janine Berdin,62.0,Artist,Asia
2WzWSpOB41g3gb78Raj6RK,gins&melodies,64.0,Artist,Asia
4zpGxqF6oI1h3f6Md2v42T,Hev Abi,76.0,Artist,Asia
3Y7RZ31TRPVadSFVy1o8os,H.E.R.,77.0,Artist,Asia
3AQRLZ9PuTAozP28Skbq8V,The Script,78.0,Artist,Asia
3C1ER0cuXc8dLtaI8RvLI6,Eliza Maturan,60.0,Artist,Asia
3d0hhzHPK0jA5mKTeFIZc5,Realest Cram,66.0,Artist,Asia
57yOAX6apIrclpBG736Uy2,CK YG,63.0,Artist,Asia
0DpLoyGVbhOHNR3ht2oO9y,Calein,61.0,Artist,Asia
2XHTklRsNMOOQT56Zm3WS4,Parokya Ni Edgar,70.0,Artist,Asia
7dFzqx2qyelGPiBKmdSEOT,Rob Deniel,65.0,Artist,Asia
1EUmQM6xgUQLUkJVcvSdey,Orange & Lemons,66.0,Artist,Asia
24fEOzlKhgSNLIcy9NdmwH,James Reid,62.0,Artist,Asia
4Rxn7Im3LGfyRkY2FlHhWi,Nick Jonas,67.0,Artist,Asia
0NIIxcxNHmOoyBx03SfTCD,Tinashe,74.0,Artist,Asia
0MIG6gMcQTSvFbKvUwK0id,Mata,71.0,Artist,Europe
6udTUV1aI2aPaTMAhLBtVz,Hilary Incognito,56.0,Artist,Europe
4t5tP3pvrx50ONnbos94lz,FourNine,58.0,Artist,Europe
7GsITNaWwtgl2FCpmNdxcH,p3,57.0,Artist,Europe
6Lf4vAUaFUR2jAsybC7cGV,Roxie Węgiel,57.0,Artist,Europe
2IHoZ3RrDJIikMRsYgHjhy,Kizo,67.0,Artist,Europe
4QYitR7yrCaf5CLQ09hX1m,Bletka,66.0,Artist,Europe
0Wi2fADbhwXlPUWxBmzo99,Szpaku,71.0,Artist,Europe
2MRSNbEPY2YKzkgDag5fzg,Leśny,57.0,Artist,Europe
4K8wRpyAE3Cwq4q5Jpgpdh,SVM!R,61.0,Artist,Europe
2Qk1uZpDnwDozHdxmB0dDx,Kleks,57.0,Artist,Europe
56VhOZOF6hwqrbNYwkmcsH,Sobel,67.0,Artist,Europe
0TMvoNR0AIJV138mHY6jdE,sanah,70.0,Artist,Europe
2FtYzWBUVhZ2vfy8S207Zf,kuqe 2115,63.0,Artist,Europe
6HdxibJzoNkDUUDHagx3Ko,francis,69.0,Artist,Europe
2GzZAv52VCMdVli7QzkteT,Kaz Bałagane,70.0,Artist,Europe
7BIHYaTeyOxOKV7EyHF0Z4,Oskar83,59.0,Artist,Europe
5ic8bWWvZHWf0dDBi9ThNk,bambi,70.0,Artist,Europe
4EBHix5Pj89l0ISzlIjaal,FUJU,55.0,Artist,Europe
1PFMCqDezh9wVkmmWZlv16,Def Jam World Tour,58.0,Artist,Europe
19zuiWthJYU6FCqnV4mJYC,Kinny Zimmer,61.0,Artist,Europe
4NJA8jbfxc4daVM2wi9ybd,Kaptur,56.0,Artist,Europe
2dLhpezBEgAELn73fiMEak,Jonatan,67.0,Artist,Europe
1T4HxOYolAEb5PadIVKdWZ,Gibbs,72.0,Artist,Europe
0WDJa0qnagyOnMaiD26wht,Kubi Producent,68.0,Artist,Europe
3cBLJizprytrMpuFbnRnaE,MODELKI,61.0,Artist,Europe
75wMNgYkzacOI08FN7BaG0,Vłodarski,62.0,Artist,Europe
3bS0MLzGAoO6lLUy7gguHY,Fukaj,62.0,Artist,Europe
1fZAAHNWdSM5gqbi9o5iEA,Chivas,70.0,Artist,Europe
0eWYWLizN5us1MOF1rdyh9,Livka,53.0,Artist,Europe
34Atpk8kle8mndOUwKblhK,Lucassi,55.0,Artist,Europe
7FauNoLr3HWvWfsaBlFPhs,Wiktor Dyduła,54.0,Artist,Europe
3gm9b6AeMf2eGQTLashkDt,Deemz,68.0,Artist,Europe
1oxn6cQ37twQ7yGnlE3ETd,Oki,70.0,Artist,Europe
3ClL18AtCAPwXVT6mUkBDN,Kaśka Sochacka,65.0,Artist,Europe
1silJqJQfrrZNFvWWjAyhh,Tymek,63.0,Artist,Europe
7Myky2n7ro7FEMaf0HyHtE,Urbanski,56.0,Artist,Europe
5RwiBwEEW5dOXGUlEVA0LT,stickxr,53.0,Artist,Europe
37Pprth5H294i7rSnIkVVV,charlie moncler,59.0,Artist,Europe
0iBTVnJ1Sff92zCDujfvyJ,Young Leosia,68.0,Artist,Europe
1efYxTvCNTpqYqfiEsxawq,Jacuś,56.0,Artist,Europe
7uWyXPJ04ihdQdYGGw3xVV,Guzior,64.0,Artist,Europe
16TsNPlesuA1R9kPLS6nta,Favst,65.0,Artist,Europe
5qgkVkdZIIBHLdnrpa3w3s,PG$,60.0,Artist,Europe
5k96hVqrpJoo0zmlVggVzv,Louis Villain,67.0,Artist,Europe
3gQDpnU208VW54WF9EMsuw,Budda,51.0,Artist,Europe
7li6R0hKFXu7496e0Yialv,730 Huncho,56.0,Artist,Europe
1Kjs5u8GQf6zCFdTj6SI9E,Malik Montana,69.0,Artist,Europe
3bSbo5ZCbrTle7S2q8nqf8,Kazior,58.0,Artist,Europe
66NiiFgb74HLBN1A5ylO5t,GENZIE,58.0,Artist,Europe
0tdKRrbItnLj40yUFi23jx,Daria Zawiałow,64.0,Artist,Europe
7v49oVVUhvIQG5EK0jkcF7,PRO8L3M,70.0,Artist,Europe
2TRVhYMkHV4jwB92R3McaS,Sylwia Grzeszczak,60.0,Artist,Europe
28WXX79U4jzq1kfjx5QXPy,Opał,59.0,Artist,Europe
6EjCs0fSiq0HvAbCzIPeq1,4Money,60.0,Artist,Europe
264Be2Waq137vybMlFYCnu,Theo Rose,55.0,Artist,Europe
60KR2lVVoYd6GIcfLoUjPI,Dani Mocanu,61.0,Artist,Europe
6yTJ8tQyoUxgf6aqbpsXhQ,Mgk666,58.0,Artist,Europe
5BUJV1dbGNb61hYPK6rhtM,YNY Sebi,51.0,Artist,Europe
2MiJmNQKPgwLZMr35cVqtq,Bogdan DLP,60.0,Artist,Europe
1Iq14y98EVmnXUah4ldJnl,Babasha,59.0,Artist,Europe
1QFgyLmmyAZTPn707dbQT7,Ministerul Manelelor,60.0,Artist,Europe
5d3bc9MSib3NPeIDxYIIWD,Iuly Neamtu,56.0,Artist,Europe
4FxpvNihN7UbesJZrAE9tR,Manele Mentolate,59.0,Artist,Europe
6nyKhzPeKV9pzpYN0malXP,IDK,52.0,Artist,Europe
3E7XNzGG6qqnjwV9nOCxQM,candyboii,48.0,Artist,Europe
6ocuMBOl5OFS3AViv3DnG6,RAVA,61.0,Artist,Europe
17JCMZusNXS0iOLaForWrm,Gya,52.0,Artist,Europe
66Q5nZGMgEDpcjm6Q1ZC64,Denis Ramniceanu,50.0,Artist,Europe
049DlsIPXRROSgnc8mJeWd,Johny Romano,45.0,Artist,Europe
7uERYbuFqxJTqQlQr52lZr,Sami G,55.0,Artist,Europe
2218dGWsepdbDbWnzJzYNB,Claudia Puican,42.0,Artist,Europe
5tXxrzPQRZ7UK2cAQNSQW2,andrei,45.0,Artist,Europe
5ChWT8CfHjk2PnRG70ZgWV,DZWS,49.0,Artist,Europe
0CubchptrDNV9ei0oA5u3k,BEN,38.0,Artist,Europe
5h0wBmd25qPcGSInl3dp66,Tzanca Uraganu,61.0,Artist,Europe
16h499dib06k5oaxjbAVtW,Sheik,47.0,Artist,Europe
2S3C9sCcaSXmGzH4dVoiHF,Karmen,42.0,Artist,Europe
1fYKCWegShlSGe4yATnpdp,NOUA UNSPE,50.0,Artist,Europe
040gmk9Wd9sKXx199imiSM,M.G.L.,55.0,Artist,Europe
5ZBJ4rLeQx0IEN3ut3O1fC,Erika Isac,47.0,Artist,Europe
0P8GOB6ZytMhZX8fd1OUsz,Alex Botea,53.0,Artist,Europe
0yjc2FN5zju7xyuJsTfGkh,Petre Stefan,51.0,Artist,Europe
5dJZz1wDTaRM9UBo1AODI2,Dhali,39.0,Artist,Europe
6dKPNkSEQOrRRvZz63Y47F,Oscar,58.0,Artist,Europe
2DVHeB86M05t7mBTvvsEVF,Nutu,45.0,Artist,Europe
3zdzuFF7IkJWWKLsIwAlzf,Bee Remix,45.0,Artist,Asia
7CLlOKuKAmd7uuSDeyLN0M,umiy,35.0,Artist,Asia
6nJJCgVQZCwUDgKsIwWNjM,Hassan El Rassam,43.0,Artist,Asia
3LTg1uDlzgeNpapZviVVAF,Nasrat Al Bader,47.0,Artist,Asia
6U4hHMBYGDF1f98bGjxC8U,Ayed,54.0,Artist,Asia
748f0zL5X2KNapx8K93SUq,Saif Amer,46.0,Artist,Asia
059BiSwXatlPKBSOWG6gIV,Kstr,38.0,Artist,Asia
44eguFvAUWt2jsI2ZYWDYj,Qaed Helmy,40.0,Artist,Asia
74KWopgkBxKlwFCAa6UawR,74 Original Suppa,44.0,Artist,Asia
2yLjdrrnFBawKrwLrNLyi7,DEE PRODUCTION,41.0,Artist,Asia
6DPTJXd1omQ1oTiR1Vy9CZ,Sabah Mahmod,41.0,Artist,Asia
5cLIxAVjEMmvPOZviDlhO4,Aws Al Saber,36.0,Artist,Asia
4PQeohrT8GInzKC3wJFGLa,Tayseer Al Safeer,36.0,Artist,Asia
2vPnS0IpayC2RVFuQA08R4,2KE,73.0,Artist,Asia
4jM6R2LK78dVTqHVUoA4li,808iuli,70.0,Artist,Asia
1Sdc6ySbIvzO0X9vbyHzWm,Ogryzek,75.0,Artist,Asia
3j2RV0vrjqFRwKVrV2aWr7,Astknan Maghribi,41.0,Artist,Asia
7ITMCzIU9uII8gwRg8JAhc,Odetari,80.0,Artist,Asia
4Ga1P7PMIsmqEZqhYZQgDo,Lil Tecca,83.0,Artist,Asia
3pc0bOVB5whxmD50W79wwO,keshi,78.0,Artist,Asia
3Y7gOnKYWfQlEdgXag0Z6W,Regina Song,60.0,Artist,Asia
6fOqdhRNsMQqtwRwgo3NUv,Firdhaus,64.0,Artist,Asia
0czbvTRVGHfCdRsJLxbBGQ,DIOR 大穎,58.0,Artist,Asia
6RHTUrRF63xao58xh9FXYJ,IVE,74.0,Artist,Asia
1Cs0zKBU1kc0i8ypK3B9ai,David Guetta,90.0,Artist,Asia
6Ff53KvcvAj5U7Z1vojB5o,*NSYNC,77.0,Artist,Asia
2elBjNSdBE2Y3f0j1mjrql,Jay Chou,76.0,Artist,Asia
0lf8LVkrjg9GudchoppC5q,Zayo,45.0,Artist,Europe
5TUkb2q1sX3DiWtwBPHErg,Jerry Lee,45.0,Artist,Europe
2UhQit3wwPVwOBt41vMu94,Crosso,41.0,Artist,Europe
7vdksiaT0UGPpZgCCPCKrU,Tisci,42.0,Artist,Europe
4eWCc0DOwhdz3GHxlSnYE1,Dano Kapitán,42.0,Artist,Europe
5QLfxY8Phcamadzx1r79ck,Shimmi,53.0,Artist,Europe
1R9DUv3WqRNJKHrNTs53eM,GABRIELL,38.0,Artist,Europe
6EBKq4KCXExYanXleLzIVT,Call Dominika,43.0,Artist,Europe
1bNjWBFWsAAzZSR59lRdpR,Kabza De Small,67.0,Artist,Africa
2mF7ygWz9oyJ3L6ZPWlZVH,Vigro Deep,56.0,Artist,Africa
0mMqD2uqwvCjFvlzo6ayGi,DJ Maphorisa,68.0,Artist,Africa
3S4T8XtipStwl34odXn1YS,Scotts Maphuma,67.0,Artist,Africa
6WQFTzqYHmh8Ph2X0L0QLQ,Young Stunna,60.0,Artist,Africa
1HGyQR41EokAZE5Dl4PtYc,Blaq Major,54.0,Artist,Africa
3zO4VnpgPzQAE6ibTievv1,BLESS THE GENTLEMAN,51.0,Artist,Africa
6YbUZ7rG3diOQFbAq8cySD,DJ KAP,51.0,Artist,Africa
2tqMDvoyXVbN7uF4ObOeJX,Mthandeni SK,56.0,Artist,Africa
5kwZB1xNLgB3lln1JGS2B9,MaWhoo,59.0,Artist,Africa
3qqJxbB40F5AmjBiO4akVa,Mr Pilato,56.0,Artist,Africa
4hADccnhJWKgtjTKues1oy,Ego Slimflow,54.0,Artist,Africa
3U6tzzUuiMZD64IPkutbjM,Tebogo G Mashego,54.0,Artist,Africa
1x0kR06ROuVi1aLwPuaZ7J,SJE Konka,54.0,Artist,Africa
2GJMSZ7M3D0KyyKRhYgWju,Focalistic,59.0,Artist,Africa
5n0o0t9wgg6uzHqfVd2Yr1,CowBoii,60.0,Artist,Africa
0fs9otT9TtwXUOcFXZomZY,Caiiro,57.0,Artist,Africa
3flcjKgRCeBVZTR8n8iShE,Ami Faku,57.0,Artist,Africa
5kmceQl1Y7lveTVbcy5ycD,Dlala Thukzin,58.0,Artist,Africa
1dllQgzSDUNbXbtk5INbhj,Zeh McGeba,48.0,Artist,Africa
6jUYsFkr46ErYnMV82HgQ8,MK Productions,53.0,Artist,Africa
13TUuvzi6FAkiA5F9MiYF8,Casswell P,51.0,Artist,Africa
2SuwWqS2g4w2GSE4lxD1UM,Nobuhle,51.0,Artist,Africa
5ln4EWpJqQZEWXAlSNTtVz,Kharishma,57.0,Artist,Africa
6c4AisSoKVYdeivUhofn6P,Ba Bethe Gashoazen,49.0,Artist,Africa
6Z6xrqezBTUUDnCinhPwCO,2Point1,49.0,Artist,Africa
7BZeoHymLQ7WC1Vl7gkS5g,BelloM,45.0,Artist,Africa
3ZdMTEKhhs4Rl7qQXv4vUT,Epic DJ,46.0,Artist,Africa
0APf0XKCd2289zoD4wzroe,DJ Seneath,45.0,Artist,Africa
2xopv1IOZfIPbbVuHDylEL,X-Morizo,46.0,Artist,Africa
6k8odn7NzzTT4K3NBNtsfV,Felo Le Tee,55.0,Artist,Africa
5JyEgson2YVsJT0fNGroWn,Thabza Tee,51.0,Artist,Africa
1YO25RWxpZ2Pvg82Bs4ING,Djy Biza,56.0,Artist,Africa
1apU1xLioEcDVmYQmmbXD8,Blacko SA,49.0,Artist,Africa
5MJ5f1XKD9yu7aWfG8OGjz,Mellow & Sleazy,64.0,Artist,Africa
7CAuIrM6rFLrIgisYOV0Fs,Usimamane,58.0,Artist,Africa
4RfOLIFy2xEmlWzXEVmLJn,Sjava,61.0,Artist,Africa
2iN5MhOgkenO5FtkPtEVAF,Wanitwa Mos,56.0,Artist,Africa
4AnNB3lPD0Sv7ziKVHqI66,Nkosazana Daughter,61.0,Artist,Africa
523y9KSneKh6APd1hKxLuF,Master KG,63.0,Artist,Africa
6sNKQgLUy4LVNEX3r1kG1A,Big Zulu,57.0,Artist,Africa
5m5lgddffBHA2pv0m5E2Ro,Zee Nxumalo,58.0,Artist,Africa
1W5wfiEUdPebJdwmyglKP4,Cyfred,48.0,Artist,Africa
0RSqcZGU4Kf01zKcn4JhiE,Mawelele,47.0,Artist,Africa
3Px6IenueysHsgCQf9xFVr,Kwesta,54.0,Artist,Africa
1ELUrmWBlXkqVabjVincQ6,Bassie,52.0,Artist,Africa
1WyQuSMk2VrDyfYfdfa4w6,M-Touch,47.0,Artist,Africa
6V0AnQuqPD8zkTZKbO1pbk,Ranger,49.0,Artist,Africa
0lxNEAFHu0uIMSTWMiKV3q,Amaza,47.0,Artist,Africa
5vFGtc23dtvt3f7FSK7vtg,LeeMcKrazy,64.0,Artist,Africa
6Wqpl1YTjgy5TiTluzFzjx,Tman Xpress,57.0,Artist,Africa
0sN5oRkFliiyjSNqPIEjML,DoouShii,47.0,Artist,Africa
2J9OgoroujUr9FiiT40sqc,Tycoon,49.0,Artist,Africa
3vg62RNNbcEtTGVRHzIBdi,Sly,46.0,Artist,Africa
5M9mFjVaPT2T1HFYFFSoCt,Dladla Mshunqisi,49.0,Artist,Africa
3yWkz47Z8kE6z1xW6rjkAl,Goldmax,52.0,Artist,Africa
2oA819q93vu53ZDkCJYdbN,TNK MusiQ,47.0,Artist,Africa
0CPfPl6Fy7ueqMoxjZjmYb,Seun1401,47.0,Artist,Africa
1YA6d3F7LilOsKSGYSB4Nm,The Exclusive SA,43.0,Artist,Africa
3YOKEbNmcMxvIDpZxw4jvn,Kabelo Sings,48.0,Artist,Africa
6xcF2N2Z4NFVEkLCZluCLC,Bontle Smith,48.0,Artist,Africa
2CsKNR9HBBs3bAswmPz825,2woshort,46.0,Artist,Africa
16IdDbuertDHTGF9Si2eCN,Stompiiey,45.0,Artist,Africa
2NJ4G5sIHIfma9PF2MO0yi,Khathapillar,46.0,Artist,Africa
6KSYSas66s64PZDOnb6knq,Sol Phenduka,46.0,Artist,Africa
0w5arbommuYnUMeXetmv17,Smash SA,50.0,Artist,Africa
2Fotv9MULwrtOPORxgtRui,Kamoh Xaba,46.0,Artist,Africa
2KYeDbDn8hr0auXnbpKfvs,Lwah Ndlunkulu,43.0,Artist,Africa
1raznef8uIDK0SAlPabb86,Funky Qla,49.0,Artist,Africa
241x5prRiXJmnk4vSGEHcr,Mjolisi,47.0,Artist,Africa
4iKk928O7ApC51cf4q2mpO,Mnqobi yazo,43.0,Artist,Africa
7lpGctutZNeN7UKIyEFbPg,Sminofu,56.0,Artist,Africa
4mexy8G8bBE7SBuAzTBLYr,Eltee,51.0,Artist,Africa
5rnKcmn5XTpbD9OPEsrV1s,Novatron,48.0,Artist,Africa
3aznFYhXZNLiZYfF2nIt6K,Umafikizolo,50.0,Artist,Africa
0bQK92L70k52lgVCQX0mNp,Umashotana,43.0,Artist,Africa
5EVpgXduYKQyggrs93bPby,Msongi,48.0,Artist,Africa
3i9UjIGeZT2cRyltQrr8nj,Cici,50.0,Artist,Africa
4QkKUb73NVonTlAZaShsuY,Sir Trill,53.0,Artist,Africa
0DnvMgwUAfLV06uffraoeJ,Dot Mega,45.0,Artist,Africa
2krUPP3nMYoF1C5WX3yB7J,Q Twins,49.0,Artist,Africa
68McnNC9twEtiynOAJRRgZ,Uncle Waffles,56.0,Artist,Africa
0UDlBvCj6BwV8uYLf8zzKS,Royal MusiQ,53.0,Artist,Africa
4IZr8UpEiuTNDf9a5atoco,OHP Sage,52.0,Artist,Africa
22Bl1QCNEZvpqVwRPYscE4,Pcee,55.0,Artist,Africa
1BC2o2RW9sGr2NB8jXlYQv,Officixl Rsa,51.0,Artist,Africa
3kOjBD3iIxB2zeN4CFngxm,Danny Shades,42.0,Artist,Africa
16Sxr5Kd5KJIUXTUVtmVOV,Mshinwemali,49.0,Artist,Africa
6OtlecLaA62XUdzRZDSeBz,Shenge wasehlalankosi,45.0,Artist,Africa
2qixIA7qPFts4yN1Av017D,Mthunzi,57.0,Artist,Africa
7Hb7ZlUE4ByWsV1Rkc4Uo2,Sizwe Alakine,47.0,Artist,Africa
4DFFwNev2bjj7QGVTxzuwM,Umthakathi Kush,47.0,Artist,Africa
3xXIOO328Ieh0PWOcxivjL,Aymos,56.0,Artist,Africa
3fdFRgy3GmfiWQqeKbmFS8,Mas Musiq,56.0,Artist,Africa
6EG9v86LsCoq5HS4Jj1zCQ,Pabi Cooper,49.0,Artist,Africa
71sePyklre8L4YJuE9Qf7D,Thebuu,45.0,Artist,Africa
5H7UcHG42hqQZzkGJ8QqIt,Lajere man,41.0,Artist,Africa
1f5s8gmQ3SgDc6TtlegNkS,DJ DADAMAN,41.0,Artist,Africa
2oIQCM7hRZI9tS5b9S8rj4,Tyler ICU,62.0,Artist,Africa
4Ijr6oNjLibby38inghdKO,Visca,51.0,Artist,Africa
5DuhT9Ix9p7qvE42w9liWY,Ceeka RSA,61.0,Artist,Africa
5I2wx5alIUkX7uDkTUAv6Z,Sjavasdadeejayj,46.0,Artist,Africa
6vIKxXxsfpL8tAmjP0eCwY,Al xapo,49.0,Artist,Africa
1lDWyPzSZOqP5jfZNm5lLI,DJ Stokie,53.0,Artist,Africa
2zCe5zvuLDUr9BfD4NMDQc,Zee_nhle,51.0,Artist,Africa
15NUCBzkuF0VbkybGMUTPw,Sobzeen,47.0,Artist,Africa
39ejxavrkdkHXj6yCGJugx,Faith Strings,44.0,Artist,Africa
5DrdfQwRGTeV7erKmKVZ6i,Lawd Weezy,45.0,Artist,Africa
34RwSIfWKAwRdIq6cdYnZv,TO Starquality,45.0,Artist,Africa
7HpriU9gAJThxAfPfXpZ6N,Chley,56.0,Artist,Africa
5yR5c8xnUVQDP3UDqfjhZd,Bandros,49.0,Artist,Africa
4VlxI0WKDh7HFgHjXcfj6v,Kelvin Momo,64.0,Artist,Africa
5V18XqJmDIo9Sr6Rlu6cgu,Mr. Maker,44.0,Artist,Africa
24Hon9044L6JUKWcqQSjma,Makhadzi Entertainment,57.0,Artist,Africa
2xkslEBMPDYAZzT2Ws2pUz,Dr Skaro,43.0,Artist,Africa
4GlpRsgQev4kO3yl4YhoJs,Babethe Gashoazen,44.0,Artist,Africa
3ZUn6LYxdmmPYQqBhFWI3h,Iyanya,52.0,Artist,Africa
5jCHpUIjSnOXUzVaxwBA2k,Prince Benza,47.0,Artist,Africa
6qQ80mn21S92SYfqtceUin,015 MusiQ & Van City MusiQ,41.0,Artist,Africa
7cEqpdw3pDFWfl8jScOSNe,Veyane,41.0,Artist,Africa
0dUHzfa2msKEpMevzsdwqG,Babalwa M,61.0,Artist,Africa
3rIVgeRWFhGxhFF9wgJFC2,Stixx,60.0,Artist,Africa
3W0DeGwe5EHJwydiL6ECaC,Nvcho,52.0,Artist,Africa
3bvfu2KAve4lPHrhEFDZna,Lola Indigo,71.0,Artist,Europe
4ixNZvQuuzCDxBsxO9zE6L,Gonzy,67.0,Artist,Europe
2YRyPiW98bpkARAS4B3OQP,Dei V,81.0,Artist,Europe
2O8vbr4RYPpk6MRA4fio7u,SAIKO,77.0,Artist,Europe
1TtXnWcUs0FCkaZDPGYHdf,Darell,78.0,Artist,Europe
3lY9Fxceu60W1rbon7PkuF,Omar Montes,72.0,Artist,Europe
4bJh7sMPcVRiqe5jlnsWQV,DELLAFUENTE,71.0,Artist,Europe
5Q30fhTc0Sl0Q4C5dOjhhQ,La La Love You,64.0,Artist,Europe
31IVfzTQ5bAPL8XMrO6dVx,Axolotes Mexicanos,57.0,Artist,Europe
0GgyFUpOyzWDRDqx8FCTDN,Baby Rasta,72.0,Artist,Europe
3RtNN1VnooWEn3KQk03DUL,Noriel,79.0,Artist,Europe
4CQdcx66F116k2db2Y0rjE,Hades66,74.0,Artist,Europe
0NRMzT05nsc8mTm4iUvuHY,Molly Sandén,63.0,Artist,Europe
6RJXSfbIkEMoCJ8GAg2dVO,Victor Leksell,65.0,Artist,Europe
6rYEqmajzlhGVaayOJ2bpJ,Yasin,68.0,Artist,Europe
3M1eBsR4rSTcDAzYopumeG,Asme,65.0,Artist,Europe
2r9JAY6ISvp0VvZsT6cBJo,Shiro,62.0,Artist,Europe
4Ui11oqvDCTqw4fxX2XkFW,BoBa,53.0,Artist,Europe
1n3grwmOigAA2UYtlF91gc,Malik Dalasi,54.0,Artist,Europe
73nQT8Arf05XV666SlvrVQ,Humlan Djojj,69.0,Artist,Europe
42OtrLDsfIE3pD915uvaju,Josefine Götestam,68.0,Artist,Europe
6E4YKq2KF72sNDThe2TaE8,Y4ska,60.0,Artist,Europe
2EWsHDexsSInArfFkhA2i6,Jireel,65.0,Artist,Europe
5GT8ltnqVPe7Zf8Ynrb5mV,ROMANOS,55.0,Artist,Europe
55ZGFvikpNjQHvtTWS5aZF,Bolaget,62.0,Artist,Europe
03SBMfoHX3EUENFwFoLN5i,Soppgirobygget,63.0,Artist,Europe
1aA5OGASCVhznQYm71BMYg,Babblarna,59.0,Artist,Europe
2Dor6diK1zw9BEluKBOdoA,23,65.0,Artist,Europe
6tTI20dSq7pg481D7Mkcak,Prilla Generalen,53.0,Artist,Europe
4kUfJdASJDMPLuo1t1N2zi,Sarettii,59.0,Artist,Europe
3vHwJg9XHrACvX9ZlwV8pT,Adel,55.0,Artist,Europe
5ILMkt5lW4KAyTXMNYWaGF,Dani M,57.0,Artist,Europe
04HqRx07Bv9gh7rsrMTqs7,Miss Li,63.0,Artist,Europe
2WBJQGf1bT1kxuoqziH5g4,Purple Disco Machine,73.0,Artist,Europe
7jEEE187pVG6InOxn03oA5,Benjamin Ingrosso,68.0,Artist,Europe
3yDIp0kaq9EFKe07X1X2rz,Nile Rodgers,73.0,Artist,Europe
1OFOShsIbhy1l5x73yuVyB,Shenseea,68.0,Artist,Europe
0LVDX2sdKpfXwVmy52HLAc,25,50.0,Artist,Europe
2uX5jeXMEK3YNrL1bwVWd1,Fu3go,46.0,Artist,Europe
6yAKbgaSH283c7eAZVgk3P,LOAM,53.0,Artist,Europe
6RjsbK9T7d1UQD1PFEYYGt,FRÖKEN SNUSK,59.0,Artist,Europe
7zLm9op6LgPqKL62d1FzhO,ADAAM,59.0,Artist,Europe
0MBLQbpbPvJ4oXM0Cj4aKR,Trobi,61.0,Artist,Europe
054fVwphDX8QB8Pm7IjRcL,Hooja,59.0,Artist,Europe
5LKh6CH11tVjyXpxz2NjFW,邱軍,54.0,Artist,Asia
0Awqm7GXGiBp8fJNGvywra,理想混蛋,60.0,Artist,Asia
1arCVYXeStgCY2UazBNBLK,TZUYU,60.0,Artist,Asia
4TcOznbEZBqev21LzAH4KE,高爾宣 OSN,60.0,Artist,Asia
1xCrrnnj9xif5G0y3ie5dM,Patrick Brasca,58.0,Artist,Asia
3n16EAnJtz6SZGx2zJssrI,Amazing Show,56.0,Artist,Asia
5ZxRmJ21NzjxD2ZGBxi7um,陳華,55.0,Artist,Asia
0Y2AcMPMpeuPXtPQGVvRBq,Lee Young Ji,64.0,Artist,Asia
2CQZr2RPZmrcvDnaod1ldC,D.O.,66.0,Artist,Asia
0PdNEiQ3MsJGCEgE13Tz60,Silence Wang,61.0,Artist,Asia
7rXM91kSsqGzvYANukdQJD,單依純,60.0,Artist,Asia
6g641431O1Xkl7HAs2yFEg,EggPlantEgg,56.0,Artist,Asia
5PNcqs6EtD6gSXgUiiJIUU,颜人中,62.0,Artist,Asia
4XpUIb8uuNlIWVKmgKZXC0,ZICO,67.0,Artist,Asia
7nqOGRxlXj7N2JYbgNEjYH,SEVENTEEN,82.0,Artist,Asia
0QHgL1lAIqAw0HtD7YldmP,DJ Khaled,77.0,Artist,Asia
4wUR1NviIGE01yEfeLNkeV,卢卢快闭嘴,54.0,Artist,Asia
2AfmfGFbe0A0WsTYm0SDTx,(G)I-DLE,75.0,Artist,Asia
6HvZYsbFfjnjFrWF950C9d,NewJeans,82.0,Artist,Asia
6H93wOohK6r1MwGh41Z4Nb,Ashin Chen,52.0,Artist,Asia
6JrR3zrG0NQiXb9N9XSyGb,Cocktail,66.0,Artist,Asia
2F8QVTDDHb8n0cwR9ftxFs,Q Flure,56.0,Artist,Asia
7ltDVBr6mKbRvohxheJ9h1,ROSALÍA,81.0,Artist,Asia
2LIk90788K0zvyj2JJVwkJ,Jack Harlow,82.0,Artist,Asia
1xrRqVDsJaZPw0sXme5i2T,PP Krit,60.0,Artist,Asia
3Q5Qep7ytrjVleNnMnntgQ,TEN,63.0,Artist,Asia
0XkEUMM4lJHAzfTK9vR0cu,Violette Wautier,60.0,Artist,Asia
2DaMrZndfGgM3yd9ivadRC,Lipta,60.0,Artist,Asia
5zSQoNQ9o2dnT1LPTzDxg7,Mirrr,61.0,Artist,Asia
5pokGZ1K9Hr6etaKPDxSG8,THE TOYS,62.0,Artist,Asia
6chmC6o0wvACYVGTITw3Pz,NONT TANONT,64.0,Artist,Asia
6HEMZkIMQAPnd36iLsUlTx,PUN,65.0,Artist,Asia
1aEKvjRnbf1laB7DVXFqsG,fellow fellow,62.0,Artist,Asia
1qveov8f3HXFhDIWtFO5tG,guncharlie,56.0,Artist,Asia
1Twi7NfmUzbXF7lEMaGCqF,Ink Waruntorn,58.0,Artist,Asia
52VcFYcq5kJEaRYgy58ouW,Paper Planes,56.0,Artist,Asia
5RQZVhw9dwZYc10QQfNMf1,JOEY PHUWASIT,54.0,Artist,Asia
2xsBUJ327d3iC1LvL5hYrQ,YEW,58.0,Artist,Asia
5xq3BK55BJmutN0X7eTyQB,Jeff Satur,63.0,Artist,Asia
61hVICScGPBw0WmGPqWVRE,เล็กสเร็น,49.0,Artist,Asia
2SWWw5uB9cO5m7zJQZqwmr,BOWKYLION,60.0,Artist,Asia
5ghOUzxpnQmnPQDwC1thIz,ASIA7,51.0,Artist,Asia
2XiaPu2j4nBMhF8pIlt6Bk,AYLA's,55.0,Artist,Asia
0UAiHanBWs5vRM1tSPf2RJ,No One Else,58.0,Artist,Asia
1ssEwBiz4ZKrbgR6o8vOeg,Polycat,60.0,Artist,Asia
1qAOsY7jv9GFTv4HoVof5P,Three Man Down,62.0,Artist,Asia
0OjRa6r1EIPF5RZPy1SGz9,Musketeers,61.0,Artist,Asia
5kU6FKYW7YBB2ikPQnk8cS,BUS,60.0,Artist,Asia
5RmQ8k4l3HZ8JoPb4mNsML,Agust D,76.0,Artist,Asia
4G5OlxtrOm9ADmu3VZgFbG,MEYOU,58.0,Artist,Asia
5PRW6j58xEEWL4DDVEITKT,Dedublüman,75.0,Artist,Asia
4ckLjJztj53Ifid7WHweBn,Aleyna Tilki,69.0,Artist,Asia
6bGOmNBU1AOgttgOjh0ldf,Ati242,79.0,Artist,Asia
16GyR4WfCnIT2XST4ZLl2B,Melike Şahin,71.0,Artist,Asia
4UW9Hdsrx9kX2HdJ90jRKM,Era7capone,71.0,Artist,Asia
15AZJFNrXtIN4Nk8BIOnS2,Batuflex,69.0,Artist,Asia
6WpmH4J0R74ZkHtgm7JLvM,Narco,64.0,Artist,Asia
1GMwSpFzrLd12jUX15bHB6,BLOK3,76.0,Artist,Asia
4TofTRvEUQsznrSPnYnHx9,Afra,62.0,Artist,Asia
37kh4W61I9Gm5R3hOFfIG9,NASTEISHA,60.0,Artist,Asia
1CcZoULzFHa8Uhwo6OlQcp,Semicenk,76.0,Artist,Asia
1hgaXjbAcED2p80Lj8dzXT,Canbay & Wolker,65.0,Artist,Asia
1Tjaa3WWIVU00kfZ8Dvpcl,ElMusto,66.0,Artist,Asia
5W2dGRPmYetOpUIpErUtD3,Organize,64.0,Artist,Asia
6wxh9aTFgTS4OiyYlnQBq6,Bengü,68.0,Artist,Asia
4StjyzjcmZ7a9QncHVf0pu,Simge,70.0,Artist,Asia
4YLcK0MEyqFkdyyzbPTWrs,Can Kazaz,61.0,Artist,Asia
7ictQXHIBmXODb4ykTI95n,Yusuf Güney,59.0,Artist,Asia
6xqA7u7TxHUYJp6Ww1XgNx,Jeff Redd,65.0,Artist,Asia
4XP7cGw4t8BqZ8Du5q3bHg,Emir Can İğrek,70.0,Artist,Asia
4li4dx5mFgZlMVeHlARBHP,Nazan Öncel,62.0,Artist,Asia
46zuW8tHxwahYn7VNMgYTa,Yalın,71.0,Artist,Asia
0uHvlWnhRpaomF4e9IZHLy,Doğu Swag,64.0,Artist,Asia
4i4ALRtQQmFxn3BCIB6iC0,Göksel,66.0,Artist,Asia
0V2oXYR7DtrZAEFeILRW2r,Lvbel C5,75.0,Artist,Asia
17EAWIoXAMU9Vo9xRrdZQ0,AKDO,68.0,Artist,Asia
0KOSzgkMlkeowt1tgIg6ca,Heijan,67.0,Artist,Asia
3NPQ2qMGXAR0g1COJxuZ8r,Muti,66.0,Artist,Asia
50z4meqYMvVCXEv2jDneDN,Tuğçe Kandemir,63.0,Artist,Asia
1F2v33FQTavJyaD7ZsyhdA,Gülşen,71.0,Artist,Asia
53oeVgECSa18dkHBQ9X6Eh,Murat Boz,65.0,Artist,Asia
1kRAeenoDZ5jBdzboZQuKa,Emre Fel,66.0,Artist,Asia
6dDaXbE1caD65TONToYXYx,Murat Dalkılıç,65.0,Artist,Asia
7CLojerj7StFcAX03tA8Pc,M Lisa,66.0,Artist,Asia
58UBmhZzNl22EI94dh9Gx0,OSTY,52.0,Artist,Europe
5BwbVAdT6rFF2vGVE8su2y,Klavdia Petrivna,59.0,Artist,Europe
7lyYlIclaVEmE0rlSCwH3h,HOMINID,41.0,Artist,Europe
6yC7BVlGi7JXkpl0LsZeeS,CØV3R1st,40.0,Artist,Europe
6l5IEx62Nsc2k1QyfaWvEz,Wellboy,53.0,Artist,Europe
64XGTiElvPUfmJjyWJnW8C,Parfeniuk,55.0,Artist,Europe
33xlLiptsAIW56IqRxaQoV,Domiy,50.0,Artist,Europe
6NTzEgUmN1PIBIYEHhf1kS,Okean Elzy,57.0,Artist,Europe
2ojY7fXJxZQhg8Rx5e8h9G,SadSvit,59.0,Artist,Europe
4AupETQEHkWQL9H3O6f9h8,СТРУКТУРА ЩАСТЯ,50.0,Artist,Europe
6wbEgVlGqWb4I9tbMluu5Q,MONATIK,51.0,Artist,Europe
7wl1m5vgWkCP3cqYVj2noM,DOROFEEVA,55.0,Artist,Europe
5QFYXpPnIZPu2OSD9n8BVN,LEBIGA,41.0,Artist,Europe
0PWfuxCvPtyeCLLWjf4EzJ,CHEEV,52.0,Artist,Europe
11sIz9STeD6yVSuBaD8nMW,Artem Pivovarov,51.0,Artist,Europe
6fBUVJW6cDrYluXjnnRdY4,OKS,42.0,Artist,Europe
5NR8eODM4CQ2X6rBuGpZ2B,Геля Зозуля,49.0,Artist,Europe
19JYV5zLhGkyqClNjdSfdb,Adam,49.0,Artist,Europe
6fNkvAT7XRYuIynD5RTSLf,Kalush Orchestra,47.0,Artist,Europe
1nzgtKYFckznkcVMR3Gg4z,KSI,71.0,Artist,Europe
6Xgp2XMz1fhVYe7i6yNAax,Trippie Redd,83.0,Artist,Europe
1kyy6AW7C6Rr2jrYwz95Gi,Lira,56.0,Artist,South America
338Grz8ebmeku4xVYVqUHQ,KINGTO,53.0,Artist,South America
5TeBsszZQTyqBX4eDHdtNx,LA NUEVA ESCUELA,57.0,Artist,South America
3Pohtvl5MO8eQpaZVOrhUS,La Deskarga,51.0,Artist,South America
2sp0CxickfFJun08JtXgiA,Diel Paris,55.0,Artist,South America
2IKdK6PbitvCiXt1t2bPU6,Mesita,67.0,Artist,South America
6uJKnn4CV4IIop8mg4kCUy,Luana,53.0,Artist,South America
2AbQwU2cuEGfD465wCXlg2,Rawayana,71.0,Artist,South America
6fMZytDgX1Q9OV6ndSugym,Akapellah,65.0,Artist,South America
0rwGV1HhNWK2Ta4rjmlmtp,Junior Caldera,51.0,Artist,South America
36KsCCwgI0Dep97yVJWmkK,Monsieur Periné,61.0,Artist,South America
3tveA7l6PmZICdkhBPVvak,Jerry Di,52.0,Artist,South America
77iZVjeYoYSl5P0K9mIiUE,Haze,71.0,Artist,South America
57g2v7gJZepcwsuwssIfZs,Vũ.,67.0,Artist,Asia
2nSO7JYDbJrYbJmP39qUzj,Binz,62.0,Artist,Asia
3diftVOq7aEIebXKkC34oR,tlinh,68.0,Artist,Asia
6TITnFVRcl0AcZ4syE7Toe,Low G,67.0,Artist,Asia
2dC1IBU9NOD9xsQJ5RE7j7,Puppy,54.0,Artist,Asia
5xY6E5PMZNtz9jDvxTRiGI,Dangrangto,64.0,Artist,Asia
5HZtdKfC4xU0wvhEyYDWiY,HIEUTHUHAI,71.0,Artist,Asia
3y6Lfjkrdn5TgkbgDxbpvM,marzuz,56.0,Artist,Asia
4wZ6awunqaaVLl5j0WpDFu,"ANH TRAI ""SAY HI""",71.0,Artist,Asia
4KPyQxL1zqEiBcTwW6c9HE,Dương Domic,64.0,Artist,Asia
6zUWZmyi5MLOEynQ5wCI5f,Da LAB,63.0,Artist,Asia
27RoKwun6jKycKbH2iYUFU,Minh Tốc & Lam,54.0,Artist,Asia
3oD2yI1g6aT3KawHD8ZYaU,TeuYungBoy,55.0,Artist,Asia
3rSAej8VUifF02zpsGjsRZ,DONAL,54.0,Artist,Asia
1Qia4CTwh6x0CZbD0079zi,CoolKid,59.0,Artist,Asia
1W2pigH6UYwuTuFbwoSfVZ,RHYDER,65.0,Artist,Asia
0iqum9KAHh3LkgDhuqvTxM,Song Luân,58.0,Artist,Asia
6EybZ5zwPNEtEngfrEMevN,JSOL,61.0,Artist,Asia
5pyjjs1k7keBTqwhkVs7MA,Trần Đăng Dương,52.0,Artist,Asia
5dfZ5uSmzR7VQK0udbAVpf,Sơn Tùng M-TP,65.0,Artist,Asia
5jTFNkoZebPnX90CbB3F2A,MONO,57.0,Artist,Asia
0CO1IZAPmgTbkfXvcRCLsL,BAN,53.0,Artist,Asia
5ulyphh5uJrH4Gb1JpSMkV,HURRYKNG,62.0,Artist,Asia
4fg8aMZ23d2bxKz7r2vt9v,Negav,64.0,Artist,Asia
13c4ijEkXNvEFoxGxwp5Su,Pháp Kiều,62.0,Artist,Asia
40JnMfFlpwqBnWitkL96g4,Isaac,57.0,Artist,Asia
1L1VfizWn4DkFt602yD80U,ERIK,61.0,Artist,Asia
62D1qvKkvUCvXEtY1xwRfo,Anh Tú Atus,57.0,Artist,Asia
5lAfakPZgxFKgiJD6xAF1G,Orange,59.0,Artist,Asia
2rKtPYcwYmevNcaqzJOwvf,MANBO,57.0,Artist,Asia
1OIYKbmhG0RxPXvVPNj3NN,Madihu,54.0,Artist,Asia
0slOzRzTQb1RBBVJbvRITP,Quang Hùng MasterD,62.0,Artist,Asia
5M3ffmRiOX9Q8Y4jNeR5wu,Wren Evans,60.0,Artist,Asia
0hy8mfXxfD8kQ6MRQkDVrn,itsnk,58.0,Artist,Asia
4bPYvyUn1mWwUwIW57oST2,Emcee L (Da LAB),55.0,Artist,Asia
1Tdy7LZnrufTyuEbgDi1D8,Muộii (Starry Night),50.0,Artist,Asia
1pKPrziZw7C4GvOlBIXqP5,Captain,59.0,Artist,Asia
30eFAXoU2kTjJPf2cq80B8,WEAN,61.0,Artist,Asia
4RPhZ2g5GYff0hKNBlZKXh,Ali Hoàng Dương,58.0,Artist,Asia
2aQnC3DbZB9GbauvhAw7ve,AMEE,62.0,Artist,Asia
1zSv9qZANOWB4HRE8sxeTL,RPT MCK,63.0,Artist,Asia
6NF9Oa4ThQWCj6mogFSrVD,W/N,60.0,Artist,Asia
6V1SwiosQqf5XvmoTMCGa9,Dear Jane,57.0,Artist,Asia
0dBcEvEklr1jx4uZuhFX5e,Ronboogz,61.0,Artist,Asia
2ZjO6APYelcHcLd2pWMx8x,Badbies,48.0,Artist,Asia
5Kh0ta0UY4uJ4g2CIdq9V9,Phương Ly,57.0,Artist,Asia
0zo8kCJVktn7oPnzpkbC2p,14 Casper,53.0,Artist,Asia
6hnfLIkvDl6pjlAe1YRGXY,Bon Nghiêm,53.0,Artist,Asia
7Cp2hGcriAaDUAWpXnSEwm,buitruonglinh,58.0,Artist,Asia
0XtC2d9ZVigYA7iMy5YkW0,2pillz,59.0,Artist,Asia
61ydMyohF67xBZmWSPA3YQ,Chọn gì? Chọn đi!,42.0,Artist,Asia
5mPbBOU2KMFfStepNZ027p,OgeNus,52.0,Artist,Asia
5Xn0cJrrcslCWCzPXNTy54,PiaLinh,52.0,Artist,Asia
2NRcG7E1j2sSi8vnUzCcpi,Quân A.P,58.0,Artist,Asia
4cLYlDISnWaErAitB8kRph,Quang Trung,55.0,Artist,Asia
3E0b68wCGYihuHBtlasfm9,Lâm Bảo Ngọc,53.0,Artist,Asia
7yquVKfxBuNFJbG9cy2R8A,Vũ Cát Tường,56.0,Artist,Asia
trap,trap,,Genre,
rap,rap,,Genre,
pop,pop,,Genre,
reggeaton,reggeaton,,Genre,
hip hop,hip hop,,Genre,
urbano latino,urbano latino,,Genre,
drill,drill,,Genre,
funk,funk,,Genre,
r&b,r&b,,Genre,
cumbia,cumbia,,Genre,
country,country,,Genre,
rock,rock,,Genre,
bachata,bachata,,Genre,
sierreno,sierreno,,Genre,
house,house,,Genre,
v-pop,v-pop,,Genre,
k-pop,k-pop,,Genre,
dembow,dembow,,Genre,
corrido,corrido,,Genre,
amapiano,amapiano,,Genre,
